Precision,Recall,F1 Score,Test Precision,Test Recall,Test F1,Number of examples,Margin,Clauses,Specificity,Accumulation,Max_included_literals
0.7745775450199375,0.5701179773547201,0.6475619995932341,0.7642367333530465,0.542351328549357,0.621146524419686,250,50,15,2.5,5,3
0.6341084281407366,0.3594148356906105,0.44974820688789147,0.6427727703090089,0.37453152702324155,0.46582271639274525,250,50,15,2.5,5,11
0.678887859158525,0.4255976736765794,0.5170870532239797,0.6969591961422343,0.4275187104792115,0.5231885937728696,250,50,15,2.5,5,19
0.6565459421060575,0.44211792124276017,0.5251272436519482,0.5888597706547607,0.33234154641348485,0.42426058835746877,250,50,15,2.5,27,3
0.6598535452302898,0.3528927727760187,0.45474651056033655,0.5424765232927456,0.2873273480766388,0.3741305524659307,250,50,15,2.5,27,11
0.7460763198349393,0.6424695826423572,0.6903289511193621,0.6954519487775315,0.5502242238141508,0.6140806403505209,250,50,15,2.5,27,19
0.6403523995839455,0.5076516941338883,0.5654549243402559,0.511772491484708,0.39728984648527327,0.445835930786115,250,50,15,2.5,49,3
0.6830230185643013,0.526178453371462,0.5942918875950643,0.4804218892705935,0.323031037889149,0.3857898252877651,250,50,15,2.5,49,11
0.7374446782506682,0.48525744674174337,0.5840471738356979,0.6186549441918943,0.3557177656178523,0.45057720090862824,250,50,15,2.5,49,19
0.6462716695396916,0.06905749423493181,0.12032907178080432,0.490989342183105,0.0990592918672097,,250,50,15,11.25,5,3
0.5946018238766768,0.003827865082906099,0.007312488122291103,0.24862511226147593,0.0017510872864757792,0.0034758738217197964,250,50,15,11.25,5,11
0.5843995793938448,0.049536069629358775,0.09021523238834171,0.6598538921087894,0.05092296849724493,,250,50,15,11.25,5,19
0.7924580936662934,0.32254902184665973,0.4545495565289634,0.7377832905554492,0.19729041555516222,0.30694746516446475,250,50,15,11.25,27,3
0.828972396637338,0.21359953417138194,0.3391788817710554,0.49276917578409063,0.0824369001233018,0.1392192531308844,250,50,15,11.25,27,11
0.6941766074500645,0.18775594883172878,0.29060334453648706,0.3832548022123283,0.06469919405900976,0.10975799323855222,250,50,15,11.25,27,19
0.7647680919086273,0.27900631253559005,0.40227193218928453,0.5139404468327556,0.1209094691951651,0.19468765749661293,250,50,15,11.25,49,3
0.8530985223946627,0.49997801577437007,0.6266478129737393,0.7749627196410096,0.31433420177458987,0.44234588590708124,250,50,15,11.25,49,11
0.7531977229480837,0.22803890107820354,0.34832952252809857,0.410430614445201,0.09100801144772043,0.14766745564686326,250,50,15,11.25,49,19
0.5051802553370215,0.005687482459490046,0.011231159390056856,1.0,0.0007064155074684252,0.0014113662432533869,250,50,15,20.0,5,3
0.3044522737414557,0.007112547388981754,,0.4217734511565055,0.0062430730444753635,,250,50,15,20.0,5,11
0.7374615510089658,0.057807801130233476,0.10571768672198462,0.8956019737837922,0.033881467416139004,0.0647207008803331,250,50,15,20.0,5,19
0.8679852336547992,0.35716125367019536,0.5044325658966583,0.6354318067420508,0.22222717669586717,0.32710275523531207,250,50,15,20.0,27,3
0.7482231529182031,0.2949638812464517,0.39869192095604206,0.715142315127318,0.16019266398428275,,250,50,15,20.0,27,11
0.9474363129352672,0.25508567627490425,0.3948869226874081,0.8551365490674534,0.17509398731211256,0.28447365403962205,250,50,15,20.0,27,19
0.8555359899639942,0.1884735612145387,0.30589651812790736,0.362452320009298,0.06553566905350298,0.1102098666721166,250,50,15,20.0,49,3
0.646195924657167,0.22306384773389515,0.32899541123191034,0.6462816263068197,0.07517802026694263,0.1317446784150712,250,50,15,20.0,49,11
0.871214782486292,0.26730728110090857,0.39572502779573837,0.6269453821578661,0.16736079370249846,0.257381900125728,250,50,15,20.0,49,19
0.6995893566626544,0.40020812729401745,0.5085860569170919,0.6671732415176688,0.38743869506614975,0.4896195015280837,250,50,57,2.5,5,3
0.7751917540602224,0.4124107759251256,0.5370781385007111,0.7221798743461038,0.4059174434487424,0.5183685813770889,250,50,57,2.5,5,11
0.7554600100682042,0.4564776557304127,0.5679958373375508,0.7338781596418218,0.45115634670653404,0.5577213439976562,250,50,57,2.5,5,19
0.622493161764483,0.41781862485959015,0.4994658095599643,0.5566013752970739,0.33570856800373833,0.41871309561802034,250,50,57,2.5,27,3
0.6218193372484997,0.4932258888397596,0.5495871194628795,0.5614341768551878,0.4014695730286082,0.46722738727297214,250,50,57,2.5,27,11
0.6271090456904782,0.45058101229061587,0.5236487129355132,0.5865519008944732,0.3742059746648944,0.4565125636656147,250,50,57,2.5,27,19
0.6438652771792832,0.5271354813046177,0.5795382304508606,0.5696560311890777,0.4030710664966886,0.47196474797038024,250,50,57,2.5,49,3
0.6543882103146902,0.5611490412172833,0.604092731566472,0.5505679662570668,0.4260174913562825,0.48013883990321893,250,50,57,2.5,49,11
0.672884841752081,0.4996240674935271,0.5731862122250616,0.5566346575839147,0.3424104420233606,0.4238039276678311,250,50,57,2.5,49,19
0.5959755237537193,0.08168486320411598,0.14287302366809138,0.6483164199644401,0.0797431555058164,0.14114593499552178,250,50,57,11.25,5,3
0.54394683716119,0.05378330222538614,0.09615064999373973,0.6079313936242591,0.04113463097238958,0.07485428458878936,250,50,57,11.25,5,11
0.5048389174284702,0.04229770623066371,0.0763111406789855,0.3929859101382986,0.04325663875104177,0.07673500103147128,250,50,57,11.25,5,19
0.727128845433596,0.18943203200399442,0.2976243596497018,0.5535018087434119,0.1235190275355563,0.20141383703265117,250,50,57,11.25,27,3
0.7444275160522583,0.2365402162941499,0.35785099381487057,0.6003996538567317,0.1550718113176852,0.2459028463931105,250,50,57,11.25,27,11
0.7621450999489471,0.35019863457221073,0.4735270892550149,0.6331470831512838,0.26388164069005055,0.3613384759211806,250,50,57,11.25,27,19
0.7752114716599233,0.3623945275803283,0.49342822021273486,0.6166586241377202,0.18997557957749364,0.28898884031915945,250,50,57,11.25,49,3
0.7738306447824793,0.28265547724544526,0.4137509049761217,0.5430852751092966,0.13203217056226507,0.2119475434988395,250,50,57,11.25,49,11
0.8453537536118735,0.33053310392158086,0.4736246334786381,0.6538526746712368,0.1653742638942099,0.26348220762668206,250,50,57,11.25,49,19
0.4489640488812654,0.016444030863873596,0.03165988321284031,0.44562704980419043,0.010298757035433986,0.020065206699205973,250,50,57,20.0,5,3
0.5317063196641091,0.02529880982170647,0.04810046326664905,0.38403951764871247,0.004669756578041499,0.009175608269243652,250,50,57,20.0,5,11
0.7320405298533601,0.039806710446368854,0.07516396439321167,0.6194118513980963,0.042190163150346224,0.07823898768342137,250,50,57,20.0,5,19
0.7805056659731183,0.1918402889208082,0.30740431120017336,0.5777944737759116,0.08754987574934686,0.15038695869371413,250,50,57,20.0,27,3
0.7891099817504611,0.1602486202638208,0.261829361099638,0.4942327749567887,0.050963791255867585,0.09081526480778838,250,50,57,20.0,27,11
0.8229857024186491,0.2500654924815857,0.38317165945101217,0.701433549486518,0.19368058174327196,0.30277332235724586,250,50,57,20.0,27,19
0.8319164753009275,0.2713852698189849,0.4077099837828449,0.6064482434877277,0.1392487687527325,0.22594790460358202,250,50,57,20.0,49,3
0.9042025013518721,0.26957364017054575,0.4097214092032615,0.637856474760199,0.13691105979630716,0.22331033760712152,250,50,57,20.0,49,11
0.911511678355247,0.28261186409530864,0.4300610888711573,0.7228713962298979,0.14300464230357016,0.23839461103158277,250,50,57,20.0,49,19
0.7416860593620567,0.3962197358918462,0.5157804299476383,0.7798811480944543,0.3906209968029717,0.5196930090213226,250,50,99,2.5,5,3
0.7970823233084307,0.3634094245200076,0.4971745104364533,0.8251870559935991,0.359586255952108,0.49855525606890727,250,50,99,2.5,5,11
0.6887419406377959,0.3490134065461777,0.4619765275716619,0.7119349030133028,0.33977428302958157,0.45888487487704394,250,50,99,2.5,5,19
0.5780587654947767,0.3724417904369444,0.4528912169904503,0.5050834394648227,0.2908460284022425,0.3690877332201763,250,50,99,2.5,27,3
0.5919476770391046,0.39409400486643037,0.47300696120728764,0.5475851244033879,0.32818459801399474,0.41014132930125397,250,50,99,2.5,27,11
0.6329211761313626,0.4271777988795225,0.5099249500632842,0.5770215966614962,0.3536696917489052,0.43838630106694204,250,50,99,2.5,27,19
0.5507808348285167,0.39147927995884596,0.4576093196632936,0.4590901355847141,0.29000558725183856,0.35524269874839626,250,50,99,2.5,49,3
0.6331536622632533,0.4454833954656375,0.5226888025531488,0.5263687602536334,0.32449802959850443,0.40145750710957784,250,50,99,2.5,49,11
0.63020523544024,0.4351228893623121,0.5142894795629884,0.4982976005100692,0.3239880161563553,0.3925070254993805,250,50,99,2.5,49,19
0.5774324742593908,0.058681258685127684,0.10345714972843707,0.6346399210462262,0.059600755775576726,0.10537646145568962,250,50,99,11.25,5,3
0.6225721868682453,0.07949302236678192,0.13901884525762914,0.6314016993296984,0.07216193004308726,0.1274032430875151,250,50,99,11.25,5,11
0.65707348574512,0.07018598352298742,0.12363262022427711,0.6107641764861411,0.0659760695138782,0.11501303924615752,250,50,99,11.25,5,19
0.6167577671601913,0.14098779923063204,0.22702004287733377,0.5001113042607984,0.08057707720223889,0.13827439112041595,250,50,99,11.25,27,3
0.7740733558141234,0.22546749616353415,0.3479776837395211,0.6363366569334392,0.158326798434988,0.2518701508337195,250,50,99,11.25,27,11
0.7721601869992454,0.2601189025347192,0.3885543909500525,0.6846210443464311,0.19169609339695495,0.2990508177294768,250,50,99,11.25,27,19
0.66010978776027,0.2191777981558696,0.3275803475282589,0.48958198371020933,0.12684098549846995,0.20022759094102052,250,50,99,11.25,49,3
0.7754123831324219,0.2900796864473952,0.42070739111309857,0.5765541692670167,0.1549390871603741,0.24367365144418074,250,50,99,11.25,49,11
0.7733590578674682,0.24947534363790372,0.3723865976773357,0.5921990595928471,0.13301328619454017,0.21633540931595902,250,50,99,11.25,49,19
0.5446699112110067,0.02047749244741612,0.039386587299869734,0.4932503663824035,0.01938066690237245,0.03718046147931378,250,50,99,20.0,5,3
0.638507825742532,0.08183992880029348,0.14378713118619224,0.6397837020350283,0.0817665428855655,0.1442982358092285,250,50,99,20.0,5,11
0.569603684671622,0.03366039121357279,0.0634061437096597,0.5377051419241226,0.024529597162467564,0.04683192180522446,250,50,99,20.0,5,19
0.70868497750038,0.16197079665786052,0.26123988670231824,0.610270787147655,0.09586097153994602,0.16436722778617782,250,50,99,20.0,27,3
0.844542747112099,0.22107408232368006,0.3493525573080584,0.6801797638369798,0.14214181523305694,0.23462413301906793,250,50,99,20.0,27,11
0.8096462355981623,0.1735366601319356,0.2832814810098266,0.7478378921832214,0.11876816691564725,0.2041983875118173,250,50,99,20.0,27,19
0.8271870495721051,0.25899553853421486,0.3935814439318678,0.5511200441194608,0.10842251744894141,0.18079861400152494,250,50,99,20.0,49,3
0.8539747004274564,0.25069186928671827,0.3862413606510534,0.6142640137647915,0.11713195791950957,0.19656433405611085,250,50,99,20.0,49,11
0.8753859599121863,0.24918862897369243,0.38592671087617864,0.7069728491182409,0.12918385439485755,0.21793384296516266,250,50,99,20.0,49,19
0.71772617943909,0.5473896835722448,0.6187647476939933,0.7147261070633859,0.5385694532262517,0.612140916830795,250,275,15,2.5,5,3
0.7306384700422766,0.4841866023974552,0.5776890284927026,0.7188607251407382,0.4803345440939372,0.5706746558401026,250,275,15,2.5,5,11
0.8045136756701944,0.503847077009742,0.6169157877093193,0.8070498344745061,0.4859927931295557,0.6033951101499638,250,275,15,2.5,5,19
0.6270661180722744,0.3923786181340842,0.48254721828354796,0.4887207971278195,0.2920052805035857,0.3654547121900723,250,275,15,2.5,27,3
0.803653887435302,0.5471162547748472,0.6502644515137196,0.7252692719278288,0.3614051398721816,0.48149742493060504,250,275,15,2.5,27,11
0.6801046485363776,0.4412242738004876,0.5338744781963674,0.5861942654295536,0.3208687944155262,0.41443007241769525,250,275,15,2.5,27,19
0.6636477112081333,0.5954585375120707,0.6271575829547584,0.5429529948257875,0.43330292927965347,0.48032007995906945,250,275,15,2.5,49,3
0.6255324944332805,0.4733043472099674,0.5372232600023502,0.5108565628769371,0.2867913253725594,0.3665071406774398,250,275,15,2.5,49,11
0.7060541430389076,0.45950241737461756,0.554437078406111,0.5002625646467228,0.25580654038685924,0.3384716789329963,250,275,15,2.5,49,19
0.769330200598219,0.10817232457134915,0.18702686309082986,0.7561936980123268,0.09494287617906819,0.16173650335025505,250,275,15,11.25,5,3
0.7918309062076748,0.18839772024934487,0.2966311516157798,0.7929958342150265,0.17951160375531264,0.2852382638836778,250,275,15,11.25,5,11
0.606423748299779,0.041305146250108345,0.07654798149160756,0.46979077461144575,0.037758108400554026,0.06909488985620814,250,275,15,11.25,5,19
0.8203846649555111,0.21836527395018265,0.34386241569689135,0.5831842143293213,0.07646093710368014,0.13435347675722867,250,275,15,11.25,27,3
0.7672998939490259,0.2596005622194779,,0.7060138071080247,0.22927667096851898,0.32925227980664845,250,275,15,11.25,27,11
0.8719128676085053,0.2790162486693867,0.4178717782394051,0.6659899835935843,0.11212737363068581,0.19171931442564424,250,275,15,11.25,27,19
0.904761715521347,0.5924796201089547,0.7149897688063725,0.8305284544534086,0.3655336938441829,0.5037748867547115,250,275,15,11.25,49,3
0.6284815132396459,0.18875102609769215,,0.38133467814733213,0.04132934019741745,,250,275,15,11.25,49,11
0.6970791525277105,0.17541269804769585,,0.5618038149531805,0.046796127922716084,,250,275,15,11.25,49,19
0.9354757819538274,0.20976151194524928,0.340573528883804,0.9230164020697372,0.20187118091389758,0.3272980918655231,250,275,15,20.0,5,3
0.7068083974714706,0.08871233415425454,,0.7045617500863695,0.17201129814865793,,250,275,15,20.0,5,11
0.5768169867461977,0.06807059789318758,,0.6407475941310397,0.07406308812143701,,250,275,15,20.0,5,19
0.8954725245210852,0.28704112308731095,0.4295972561570593,0.8017534800935006,0.2628189570425976,0.39054140256060815,250,275,15,20.0,27,3
0.9035490190929069,0.27210196437756046,0.4043298013117857,0.5991626348880644,0.09465909729931687,0.1609744118001048,250,275,15,20.0,27,11
0.9398488737031251,0.3298921114420522,0.4587486744903687,0.578394693008452,0.10842319005249,0.18218463841485463,250,275,15,20.0,27,19
0.7987508008088287,0.291233663343435,0.4129349691995082,0.5508371726818079,0.1304818301651634,0.2060126442088328,250,275,15,20.0,49,3
0.8777696483810477,0.31573475650956684,0.44885715258341286,0.43804441613968126,0.06367226321905263,,250,275,15,20.0,49,11
0.7990856673099533,0.1770263426802098,0.2886062591862922,0.6580974911779579,0.04245678028330821,0.07957804829427445,250,275,15,20.0,49,19
0.7929417359434062,0.5744911892190804,0.6647329602910286,0.796136431344456,0.5697281834037432,0.6625849568249969,250,275,57,2.5,5,3
0.6652577769085067,0.40790898730087366,0.5044237613109833,0.704749655234892,0.40144927820941007,0.5098042195244717,250,275,57,2.5,5,11
0.7396232916440922,0.49245994982156416,0.5904822502597578,0.7089385499804934,0.48140972223723427,0.5727247330432583,250,275,57,2.5,5,19
0.6036452049384072,0.43707233922787797,0.5067540526428824,0.5206935218624653,0.31937232226545015,0.395505453082866,250,275,57,2.5,27,3
0.6377898162373749,0.5245585683599391,0.5754863933961922,0.5839463083283077,0.43632878695571653,0.4992572499226517,250,275,57,2.5,27,11
0.6132607558983764,0.5397328299350943,0.5740193276628738,0.5792404165684879,0.4249788601513238,0.48995907583387316,250,275,57,2.5,27,19
0.6116039854564167,0.5040592262709189,0.5520383353636495,0.5038720650191989,0.3607381482373444,0.4201443485764431,250,275,57,2.5,49,3
0.5921408383198586,0.49018424994252324,0.5361546970810496,0.4920981841244334,0.3427243160830612,0.4036942788987512,250,275,57,2.5,49,11
0.6865315202485603,0.5105897014361432,0.5849660513400164,0.6019518817612982,0.37843670442934485,0.46430782595207504,250,275,57,2.5,49,19
0.634054942913488,0.09896507523260394,0.16622254286690077,0.5685368206851816,0.09167005433452276,0.15273048621225596,250,275,57,11.25,5,3
0.7160883525103156,0.09283051429474547,0.15874194717976273,0.6693495356850644,0.08566955244511862,0.14649878558159155,250,275,57,11.25,5,11
0.6534326599942737,0.08747848212744876,0.15267887869017585,0.6336599142218134,0.07532866678273673,0.13230177589802186,250,275,57,11.25,5,19
0.7342443569180724,0.297325440972224,0.422925858544315,0.6111634490904031,0.18775879864452286,0.2866192924763815,250,275,57,11.25,27,3
0.7853779188450832,0.2652763035188795,0.393251394311663,0.5798601327187464,0.16695272830697191,0.2587285607972889,250,275,57,11.25,27,11
0.8472776978471169,0.282743140974667,0.419220089188431,0.6304993601092165,0.1878991371036728,0.28540121372982663,250,275,57,11.25,27,19
0.7838487533023791,0.3552147249489814,0.48685136090901016,0.6426312858891794,0.18413780071833508,0.28451696517018826,250,275,57,11.25,49,3
0.8064738236008607,0.2877076124566838,0.41914739417627805,0.592104062673508,0.17031297004291718,0.2619994103234402,250,275,57,11.25,49,11
0.828205477002967,0.30759829302613734,0.44810219185248834,0.4427837125431667,0.11953197295699693,0.18797418676855804,250,275,57,11.25,49,19
0.6655994101755407,0.06114186242416822,0.11117283767934608,0.6611340390039455,0.027792078110563553,0.053280202901986824,250,275,57,20.0,5,3
0.6534865348227948,0.05931395001619833,0.10770307491834119,0.5824778455602474,0.06583458039027408,0.1143180575070652,250,275,57,20.0,5,11
0.6304917891633129,0.03413033771757117,0.06391921325064921,0.4640903560055675,0.011840903300760168,0.022987425983692963,250,275,57,20.0,5,19
0.8615683160189008,0.2971550193799499,0.4415364828264908,0.7473395636239263,0.20935336103362578,0.3257742774045888,250,275,57,20.0,27,3
0.844038006625703,0.2143687796731866,0.33161230670343794,0.5694848701430743,0.10750790775134957,0.17835687663237482,250,275,57,20.0,27,11
0.8851408902976575,0.19798082895620278,0.3193880476420348,0.604340255359199,0.11478477998313971,0.19131817423966896,250,275,57,20.0,27,19
0.9229461847851291,0.36862418629967114,0.5265728987188699,0.6853203431286751,0.18074547269146282,0.285689438355145,250,275,57,20.0,49,3
0.9460035574490846,0.36413870936803927,0.5239411920232974,0.7684773136340891,0.19217131905415652,0.30661686823709705,250,275,57,20.0,49,11
0.8846166931839728,0.31856531188267456,0.46620433736786837,0.7153172328213535,0.10972002790451975,0.18977563007501397,250,275,57,20.0,49,19
0.7250847834007712,0.41013262603960743,0.5222912363623167,0.7082923804174804,0.4030298448068013,0.5122443365790273,250,275,99,2.5,5,3
0.7465156701562443,0.46548822625679537,0.5715041118773075,0.7649290017644909,0.4613739979782148,0.573832751257256,250,275,99,2.5,5,11
0.7543492785762986,0.41105802869321234,0.5308744516815392,0.7407708824874084,0.40312194710559807,0.5209886972914127,250,275,99,2.5,5,19
0.5714298697271979,0.4261160520562763,0.487814910434642,0.5125118860844177,0.3425488732033786,0.4102829981095685,250,275,99,2.5,27,3
0.6046260291928595,0.4412755053826856,0.5094812100811086,0.5203919151454295,0.3519010191484574,0.4193976351115989,250,275,99,2.5,27,11
0.6610621898458149,0.49324122242629914,0.5640486390972439,0.554074991343134,0.41856304806414857,0.4767743974363141,250,275,99,2.5,27,19
0.5920351269355559,0.5047358016382039,0.544814448299608,0.5125723419544052,0.36877602591383063,0.42885957515962114,250,275,99,2.5,49,3
0.6248570717780241,0.4810248334933277,0.5432752267979504,0.5239321203077192,0.3360600818621811,0.40902114026983405,250,275,99,2.5,49,11
0.6440642359970116,0.5114433917017203,0.5695253041589259,0.5372573851297505,0.37534881476518717,0.4414937620940265,250,275,99,2.5,49,19
0.5865843948892612,0.06266995566994066,0.11203739456719074,0.5930464733629096,0.06038243096061773,0.10791613509523866,250,275,99,11.25,5,3
0.694394819655253,0.11666684834710055,0.19923983451964178,0.6428329489608237,0.10708410605310795,0.18307886380481306,250,275,99,11.25,5,11
0.6271917776911268,0.11385618317212899,0.18815194858669057,0.655603091794647,0.11176691980567507,0.1855763072031922,250,275,99,11.25,5,19
0.6796106166025797,0.24871644350525932,0.3630711871545762,0.5287341096006771,0.14895746340128507,0.23196894168425788,250,275,99,11.25,27,3
0.7629119618024458,0.2116426933416684,0.3291991370394664,0.5762550469216148,0.11930405452683433,0.19612399329914113,250,275,99,11.25,27,11
0.7746001179826326,0.2514935628244587,0.37669545291676987,0.6266634410342802,0.16077244284451944,0.254442785268285,250,275,99,11.25,27,19
0.8127646559001679,0.35607701920903356,0.4935096865940681,0.5938613879266411,0.20904220513812136,0.3084188794436269,250,275,99,11.25,49,3
0.7653045178757815,0.2587110000094257,0.37981380723063896,0.5391862268904255,0.10808919756241178,0.17931395774975054,250,275,99,11.25,49,11
0.8360872048143555,0.28215360867242034,0.417635784992316,0.6545939615291325,0.13940451750851288,0.22923701759515278,250,275,99,11.25,49,19
0.6039200272716827,0.0696977261257087,0.12364748358542489,0.5783407474844964,0.06422066107256102,0.11284384110438593,250,275,99,20.0,5,3
0.6804435566088785,0.04959458032712815,0.09185973029930809,0.4734618099904111,0.02883410833606199,0.05400538610571386,250,275,99,20.0,5,11
0.6564733454966826,0.031821753202056206,0.059937704935244425,0.5115232696571048,0.013850897331976838,0.026830553827678464,250,275,99,20.0,5,19
0.7898174940152954,0.19922333307567097,0.3154190264718703,0.6712787451707948,0.09415612187284247,0.16476361306010243,250,275,99,20.0,27,3
0.881756003105055,0.22383724588006276,0.35614863490322873,0.6989853529225691,0.1436310424650142,0.23532601066080733,250,275,99,20.0,27,11
0.912978463344868,0.2504255267776727,0.38822790474493335,0.7702367191130499,0.13342144907196,0.2260942213807561,250,275,99,20.0,27,19
0.7757725856540035,0.2717344451090684,0.4008525856938837,0.600659496956531,0.1642233610124905,0.25670409505980046,250,275,99,20.0,49,3
0.9238975494872463,0.22560741414885224,0.35939569494392454,0.6633982185431763,0.08155177166821387,0.14425468738687083,250,275,99,20.0,49,11
0.8896708828288912,0.2697323394992124,0.4114497249873886,0.6728693134431804,0.10186645398903785,0.17660986680497584,250,275,99,20.0,49,19
0.7325745767521566,0.6258736195822113,0.6747953228669973,0.7280555392098095,0.61791484332751,0.6682169081853332,250,500,15,2.5,5,3
0.7052718859612397,0.3495909944513769,0.4595707210996059,0.6818658675064321,0.35168626555797666,0.4548520646832169,250,500,15,2.5,5,11
0.8249397117868221,0.7329095565325218,0.7759266402965065,0.8298091797107516,0.7342361560801964,0.7788687082384306,250,500,15,2.5,5,19
0.6591752349573171,0.4913378370115339,0.562620932058128,0.5568913203989374,0.3591595425507296,0.4361769737261874,250,500,15,2.5,27,3
0.6704602651274774,0.4870607004335307,0.5633131128290866,0.5884421446525695,0.3475234101878467,0.4366366792790899,250,500,15,2.5,27,11
0.5490703827353522,0.36321968849821595,0.4348024894521076,0.5422378814134776,0.2660971531664744,0.3547688036748658,250,500,15,2.5,27,19
0.7190012843574928,0.5137927948569891,0.5967240784129313,0.604388069251153,0.36686968613195875,0.4552207110367013,250,500,15,2.5,49,3
0.6740058530422867,0.4853526635996284,0.5609760952398504,0.5018971856879603,0.32018930205660606,0.3896152814780303,250,500,15,2.5,49,11
0.6801788490883068,0.5717095413327324,0.6204331069606402,0.5561306919189827,0.418496265384984,0.47617656284128757,250,500,15,2.5,49,19
0.7725281259781883,0.025429326446426825,0.049072785653203034,0.6297931639025217,0.012557077577261851,0.02455316939372918,250,500,15,11.25,5,3
0.5321796907896331,0.13531756171201573,0.20766759357613437,0.734045329740676,0.13636554950548552,0.21707909005593579,250,500,15,11.25,5,11
0.7748631041095934,0.21716011429232787,0.3372174636656466,0.7958115901779802,0.23717285909371447,0.3633714823798886,250,500,15,11.25,5,19
0.8911366894007618,0.3284835886872189,0.4678667111324177,0.6934910843720872,0.1539762749126682,0.24301535836923616,250,500,15,11.25,27,3
0.8347795637451841,0.2228407758419038,0.3460888793175475,0.687501902829559,0.15381574267661183,0.2495863150537949,250,500,15,11.25,27,11
0.9021215915473978,0.4655179674151084,0.5994065031406266,0.8384097749468155,0.2571890681941016,0.3791169193243584,250,500,15,11.25,27,19
0.9128840784044187,0.4642050929704034,0.6138738226057493,0.6597380589077346,0.2037605013204632,0.3101354629972739,250,500,15,11.25,49,3
0.9438840750564672,0.48748357332063913,0.6415162046878897,0.782333650145905,0.2857741426820438,0.40510042135492247,250,500,15,11.25,49,11
0.904677014136658,0.3205987460164423,0.46924928814204264,0.5741998229894856,0.15543671077192978,0.24377925501347028,250,500,15,11.25,49,19
0.6309533822507307,0.03944877681586805,0.07375875337050365,0.5238562786455919,0.028316002298077125,,250,500,15,20.0,5,3
0.6782318163314248,0.02259446690172747,0.04327932055930744,0.5839579026990566,0.012045529589175118,0.02349505396949907,250,500,15,20.0,5,11
0.6683193790367891,0.046586687651669734,,0.5802515641563094,0.03273913289866939,0.061409684973188036,250,500,15,20.0,5,19
0.7147355199308654,0.20672022059697215,0.30812884773136345,0.416218481816081,0.05068163595299969,,250,500,15,20.0,27,3
0.929079850717083,0.3658148477525253,0.5191057656270618,0.8570426463971799,0.24824956480187502,0.3749669736611849,250,500,15,20.0,27,11
0.889106206024292,0.19161460787795218,0.3115191559283875,0.5382084149508011,0.033063155202253926,0.06208032408660588,250,500,15,20.0,27,19
0.9388591205756414,0.5093687953875607,0.6562160560024376,0.831170586772926,0.3204370447709621,0.45778492639293217,250,500,15,20.0,49,3
0.9424645203847262,0.36746927503406324,0.5146714232649752,0.5559320834926129,0.06790780243230908,,250,500,15,20.0,49,11
0.8135072876604533,0.36253694468930814,0.4796694654921901,0.3065551564083021,0.031851108151563605,,250,500,15,20.0,49,19
0.7936132612715437,0.5304819152023891,0.6348961392884447,0.7994157350659841,0.5228562050843222,0.6312484521456992,250,500,57,2.5,5,3
0.7594891249898101,0.5111449637142622,0.6100068181483888,0.7692843193831874,0.5127061320565088,0.614598372819662,250,500,57,2.5,5,11
0.8186019830291721,0.6059668625717111,0.6945871646129652,0.7978308066500494,0.5996653063387732,0.68329636819417,250,500,57,2.5,5,19
0.6030282635794414,0.42875976399152105,0.5006761916599274,0.5389484959409612,0.3289156788742221,0.4070326367627184,250,500,57,2.5,27,3
0.6319834050824632,0.4604642830787499,0.532305706080008,0.5272930432370923,0.35582501012656986,0.42446559375715326,250,500,57,2.5,27,11
0.6204911407143076,0.47505596260130184,0.5376149777103499,0.56048873091176,0.3776428192998678,0.4508879047069273,250,500,57,2.5,27,19
0.6057965577218913,0.48930786509967067,0.5412373723392351,0.4687946937841692,0.3550231071029069,0.40397518229562157,250,500,57,2.5,49,3
0.6750395170920714,0.5317829443109674,0.5945159726256101,0.5782766856800003,0.3592094985156784,0.4424236916767501,250,500,57,2.5,49,11
0.6092996471772196,0.5054223765060104,0.5524463373489193,0.5041857712638514,0.314900505568539,0.38659671801867435,250,500,57,2.5,49,19
0.6943436530977196,0.1994457167822902,0.30196887708021863,0.7427223905012572,0.19066064375935515,0.293007204907769,250,500,57,11.25,5,3
0.6698924051877166,0.1865862463088931,0.2909614788041426,0.7117800338714575,0.16544839031893857,0.2667910534338617,250,500,57,11.25,5,11
0.6986047116310231,0.11892764072106293,0.1993350901529598,0.7739441698214357,0.10893937268186765,0.18687843494279255,250,500,57,11.25,5,19
0.716944165764295,0.29146438036151623,0.411808158841424,0.6107728656204823,0.1995379620228266,0.29926407944783096,250,500,57,11.25,27,3
0.7781914886282302,0.2787890063531832,0.39980140327842106,0.5424743237541514,0.10936476292550244,0.17899155759152652,250,500,57,11.25,27,11
0.8442479558171978,0.3985051191992293,0.5396386144385451,0.6613667965239424,0.2630334576328765,0.3756256952916109,250,500,57,11.25,27,19
0.8254697488961579,0.38190939239116956,0.521523201651448,0.6666076070411049,0.23890800010862867,0.3513719685875844,250,500,57,11.25,49,3
0.8010365864096475,0.32722400358346526,0.4591532172759905,0.5885094887248142,0.15484443576859583,0.2430517196095635,250,500,57,11.25,49,11
0.817596650548655,0.27594788184450847,0.4054260893960792,0.5571080229393798,0.15325252833941183,0.23403974219016915,250,500,57,11.25,49,19
0.7001648180480543,0.0694583869629551,0.12530897109458597,0.6606771427694038,0.039428659800063194,0.07377365749946282,250,500,57,20.0,5,3
0.698262293446963,0.06301370112337511,0.11302828942674963,0.6346148780136827,0.06781366616055538,0.11666160827040985,250,500,57,20.0,5,11
0.5165263412836498,0.04974332429401817,0.08974502820087381,0.5009078079249009,0.0367398241309585,0.06691266802203572,250,500,57,20.0,5,19
0.7836290042978228,0.216762738601279,0.33711531137514433,0.4984066489060244,0.07288369049643853,0.1270057429567026,250,500,57,20.0,27,3
0.7843604120732001,0.25145374086239114,0.37510440126730865,0.5845912624662034,0.11336221607611313,0.18821703548064425,250,500,57,20.0,27,11
0.8284440652034881,0.27577294719228945,0.40341119977493384,0.5936560174462101,0.1126556619290691,0.18886015993361485,250,500,57,20.0,27,19
0.9044519118356645,0.4053683272713504,0.5579335525175011,0.7679646072655388,0.24536391192357246,0.3714581415780087,250,500,57,20.0,49,3
0.9286886857525629,0.30791474522023027,0.46095824437589134,0.6805447174370025,0.09674152535533084,0.16901127275455993,250,500,57,20.0,49,11
0.9449087748423004,0.32362892852565533,0.4793061889825806,0.7073952592602016,0.11859019863250313,0.2015733923450666,250,500,57,20.0,49,19
0.7171494241894555,0.41417715859315773,0.523876313698657,0.6853974155714796,0.4097238125366481,0.5119723866634426,250,500,99,2.5,5,3
0.7209658176902013,0.4298287896954619,0.5373437545459508,0.728979820977867,0.4244538320217954,0.5354063321918047,250,500,99,2.5,5,11
0.7854559626626691,0.5117022761849532,0.6178638086386834,0.7763332004837852,0.5063772916034224,0.6112843837401261,250,500,99,2.5,5,19
0.6032772152670837,0.47824497583208153,0.5334317684428507,0.5434888045688179,0.38793956595854956,0.4526593554231775,250,500,99,2.5,27,3
0.6323565523224688,0.546318365970122,0.5859960671825972,0.5600878193225455,0.4635294967411394,0.5069544484364591,250,500,99,2.5,27,11
0.6525121657033602,0.5138251739796669,0.5746456758226217,0.6303275036798636,0.4202883054133055,0.5040253970811777,250,500,99,2.5,27,19
0.6596020555390122,0.5442083309148483,0.5959869271124348,0.5628146193368428,0.38596031651629253,0.45780088678778397,250,500,99,2.5,49,3
0.6488116819137177,0.4991266462519485,0.5637382318772797,0.5264322608421957,0.3508445856622431,0.4208337512952694,250,500,99,2.5,49,11
0.6536762093464957,0.5249851093602695,0.5816982121394049,0.5194882139040512,0.37455634634609647,0.43505884787781707,250,500,99,2.5,49,19
0.5860992259719181,0.0629725846273646,0.11279087760368034,0.5844987778147458,0.06031901378762317,0.10788858930802382,250,500,99,11.25,5,3
0.7097737062115668,0.16117170779987458,0.2615694342863023,0.7277587683964424,0.14793186898771712,0.2437498449791846,250,500,99,11.25,5,11
0.6574635642404506,0.11335128220270488,0.19290324914456408,0.6283505380038007,0.11058631257654046,0.1872957649206646,250,500,99,11.25,5,19
0.7458291832694307,0.24721681438969495,0.36935525921177154,0.5141792413702322,0.1369154603394909,0.21591899197172834,250,500,99,11.25,27,3
0.8069001986719934,0.3128210015506753,0.4481127308088508,0.7103242678298909,0.24873770763913072,0.36702790088321735,250,500,99,11.25,27,11
0.8617313074347469,0.30446614436695524,0.4457092507335481,0.6424839334648555,0.18380503774202406,0.28303335988983735,250,500,99,11.25,27,19
0.7869355961998792,0.3644792135621728,0.4976227208018172,0.6040989808532571,0.19527291051339948,0.2947385971589424,250,500,99,11.25,49,3
0.7805690947667471,0.2899644251089436,0.41808002459800053,0.5894745722589874,0.1417432044514549,0.2255010301570801,250,500,99,11.25,49,11
0.8370345915798765,0.3218162870879222,0.4615478927752042,0.6340906955735386,0.13241222566280042,0.21831076278028896,250,500,99,11.25,49,19
0.7371280917674619,0.05844694475324575,0.10745058758207798,0.5994556600894266,0.04816770027797546,0.08793206246763917,250,500,99,20.0,5,3
0.6813557136145472,0.06713186066505825,0.12036272714110301,0.5256473158643215,0.06713547852075169,0.11568098812958795,250,500,99,20.0,5,11
0.71692584991848,0.06506663575192362,0.11834627240731747,0.7120514467705307,0.05255061231934807,0.0970038859661002,250,500,99,20.0,5,19
0.8195845130580771,0.2201818203605866,0.3463283031411643,0.599452976787257,0.12082624101365406,0.20084835883517488,250,500,99,20.0,27,3
0.8858136121885208,0.23420828188497944,0.36566517767286927,0.7090765444671763,0.1272933404400306,0.21436667587039057,250,500,99,20.0,27,11
0.8564889401058491,0.2155737048694637,0.33985768592299226,0.6546700805294746,0.15056214234817045,0.2423453691603304,250,500,99,20.0,27,19
0.8320635206742232,0.341453323019119,0.48384982998490234,0.6811821271924035,0.1929953306495188,0.29976632838266815,250,500,99,20.0,49,3
0.9128432310847376,0.26057580923989554,0.40135523597082484,0.6838406673566623,0.08979579148966242,0.15802264714557815,250,500,99,20.0,49,11
0.9437553674990735,0.27911535203763915,0.4286832784688533,0.7105196451855342,0.11983233681333653,0.20484973384564542,250,500,99,20.0,49,19
0.757637648410698,0.587213230478575,0.6523809968261557,0.736770526671815,0.5660160570403531,0.6292069697605545,625,50,15,2.5,5,3
0.6954885926660366,0.5211820051219358,0.5905567516561827,0.6886686335674532,0.5195203255009267,0.5845257585153038,625,50,15,2.5,5,11
0.7123777066650603,0.46572648217855617,0.5526015395262921,0.6712395538464828,0.46350393430522946,0.5416459888843691,625,50,15,2.5,5,19
0.740473779147203,0.6015230815306107,0.6626753098137687,0.6634642237158276,0.490334523509975,0.562393647080674,625,50,15,2.5,27,3
0.7467572768140388,0.6447926193911168,0.6915863475030449,0.6825877721766341,0.5741170944118126,0.6230619990471443,625,50,15,2.5,27,11
0.7300560367137106,0.40031209838497317,0.5122166500240629,0.6340224839036359,0.29012351164012046,0.3955705536459318,625,50,15,2.5,27,19
0.7345935979197968,0.4992162274166692,0.5937680177374963,0.5853431447717006,0.35566530762533577,0.4413940517129653,625,50,15,2.5,49,3
0.632863625246064,0.527196422315219,0.5749143325948982,0.5358689617052269,0.401508281864464,0.4589295522287276,625,50,15,2.5,49,11
0.7592151357601378,0.5422073214572253,0.6317496860802047,0.6477904322489508,0.45600330529215255,0.53469269840085,625,50,15,2.5,49,19
0.6642166274396788,0.10074289610337604,0.17338604161502816,,0.09790145550102194,,625,50,15,11.25,5,3
0.492436865785286,0.011438385428861601,0.020674140914755626,0.4210989140184125,0.011135578876029346,0.019934500489203068,625,50,15,11.25,5,11
0.6144862574478841,0.2450335792900927,0.33116933527116266,0.5701465337670458,0.22125959424933095,0.3049293462919979,625,50,15,11.25,5,19
0.6951825349953826,0.283417492607972,0.4000918566129869,0.38113014171175713,0.1146246487967631,0.17524982402656814,625,50,15,11.25,27,3
0.7682011273528946,0.28692663144287567,0.4112582681480932,0.5685300573624446,0.11825525361100389,0.18681176866718333,625,50,15,11.25,27,11
0.7778714344405504,0.21257902389360164,0.3213924424352316,0.5542829678177504,0.15147320974360753,0.23364196200406545,625,50,15,11.25,27,19
0.8314252330236438,0.4244932397041347,0.5551494463643707,0.7072803363875789,0.31668622802337054,0.43004778351241446,625,50,15,11.25,49,3
0.868081192173996,0.32468355748126254,0.46404380923271726,0.4760958655531775,0.12902375720786008,0.198205654939507,625,50,15,11.25,49,11
0.8276185669465499,0.3224360728563899,0.46065768097515447,0.45241552634707477,0.11945519767373963,,625,50,15,11.25,49,19
0.767972144776612,0.19322299385461514,,0.736742685209179,0.1853348778192512,,625,50,15,20.0,5,3
0.7772294706897781,0.09411918519990768,0.1628639307110718,0.6108181689813578,0.0715770151475546,0.12191872604296204,625,50,15,20.0,5,11
0.7651947684591897,0.10808784005282503,0.18753352055135633,0.6676421291973356,0.11566080859117761,0.19590731327005048,625,50,15,20.0,5,19
0.8231950497409607,0.1358230863486431,0.23131136969141003,0.26048303542061385,0.05045444856488257,,625,50,15,20.0,27,3
0.775862796974847,0.24834407860070232,0.3584192614000397,0.39823885283038235,0.15857871265246828,,625,50,15,20.0,27,11
0.9401562118039035,0.22476653484066478,0.36157810342481006,0.62344801139767,0.07695302579093898,0.13488124546113564,625,50,15,20.0,27,19
0.855751791639151,0.2795601167695741,0.4206595311504265,0.5932467614967876,0.17235706778412424,0.2658869190708231,625,50,15,20.0,49,3
0.8751759952806157,0.22907212251357978,0.35446310907916173,0.6815022194185315,0.15131342485023377,,625,50,15,20.0,49,11
0.7384838567872349,0.16085020635503963,,0.7306234274710236,0.09923701246267756,,625,50,15,20.0,49,19
0.7622134576882366,0.5703965646939478,0.6517294066769956,0.7609828980251886,0.5569985573195795,0.6423832103925139,625,50,57,2.5,5,3
0.7527795486365211,0.5170730592900272,0.6120805456890925,0.7667432897769103,0.5099900291464208,0.611261373889761,625,50,57,2.5,5,11
0.7268355846526309,0.448076490609208,0.5466395170105813,0.6929264633636208,0.4387856065362476,0.5298841932022829,625,50,57,2.5,5,19
0.6364316749998078,0.4455072111027409,0.5240211635342672,0.5563077520418717,0.35250654474391857,0.4314467122099147,625,50,57,2.5,27,3
0.6355880099620119,0.45708075993195524,0.5311480187381121,0.5721705671067905,0.35646738632065983,0.43854034444674317,625,50,57,2.5,27,11
0.6776141161400413,0.5003538006970008,0.5751672488119536,0.60330888950257,0.4192309524478505,0.4943650742756388,625,50,57,2.5,27,19
0.6478485385111619,0.49987494966549645,0.5640503349576985,0.5322105009295272,0.37303032138371495,0.43843045045943846,625,50,57,2.5,49,3
0.699986386969507,0.5419999466807309,0.6107241886802125,0.6016021707005549,0.38802045999241414,0.4715074803298849,625,50,57,2.5,49,11
0.6971163068061647,0.5954716268677923,0.6422403720588972,0.6295801326654332,0.4923932905121436,0.5525032182555777,625,50,57,2.5,49,19
0.5493867843229061,0.05894931388277265,0.1058210213721129,0.513281289749915,0.045043957373348174,0.0821568770180152,625,50,57,11.25,5,3
0.673248318954247,0.14692096333311022,0.23631373383959134,0.6218257231853056,0.14721976451209765,0.23206334719578672,625,50,57,11.25,5,11
0.6459808126619291,0.14439412469246865,0.23140604252444363,0.6168192745834333,0.13841807351756474,0.22265665875123364,625,50,57,11.25,5,19
0.7617925331642534,0.29451459343831565,0.4222387235038594,0.6131278238558331,0.18379290752180044,0.2803591759568809,625,50,57,11.25,27,3
0.770591073885868,0.2928451174453962,0.4227085689101179,0.6209638829932671,0.19757879525434233,0.2987159906438887,625,50,57,11.25,27,11
0.646399060638486,0.1878066708625016,0.29016104454048297,0.5418077381947707,0.1359551392038406,0.21617132666194736,625,50,57,11.25,27,19
0.797600741421708,0.33839325187833097,0.47396768242203335,0.5427532336479551,0.19383388840484092,0.2855611087826769,625,50,57,11.25,49,3
0.756365453908776,0.3090514438687802,0.437988446531824,0.48810925201613814,0.15105222680241093,0.2301688417041673,625,50,57,11.25,49,11
0.7927232199763286,0.3267803556132885,0.4613338262270231,0.5996176425260391,0.17268861847167435,0.26766106124495326,625,50,57,11.25,49,19
0.5870729660939475,0.03722208341439654,0.06961907298704792,0.615357005384706,0.028213078750803307,0.05312261531132165,625,50,57,20.0,5,3
0.583007431428781,0.06512529891585922,0.11687551504413053,0.5211144591888508,0.06470254603037338,0.11442949674114879,625,50,57,20.0,5,11
0.5792446263367184,0.037291985359341064,0.06918551210489678,0.5137775156236866,0.03472215532833803,0.06340180596591928,625,50,57,20.0,5,19
0.6829845948765668,0.1561416130595654,0.2519623058894628,0.5069128300769892,0.10790330931765159,0.17592330699768252,625,50,57,20.0,27,3
0.8273095425877426,0.2060599731037234,0.3291579040279194,0.5085959879680793,0.10415320095789285,0.17225291214898444,625,50,57,20.0,27,11
0.7979906033382776,0.22902384266005188,0.35008260081853654,0.53396456779204,0.12230414059186255,0.19695198276448675,625,50,57,20.0,27,19
0.8684447781333611,0.2840489208915789,0.42750852150560714,0.6628947791166161,0.16281544547346713,0.26098816929807794,625,50,57,20.0,49,3
0.8693008372777862,0.2438802944824536,0.375814119009829,0.7015050216146821,0.11909205366824994,0.20087613348086786,625,50,57,20.0,49,11
0.8462924493711806,0.3074802942358938,0.45042657701426236,0.5807323392622358,0.13756198494167549,0.22084415308448468,625,50,57,20.0,49,19
0.770853889273475,0.4835227195046033,0.5938219443041676,0.7901772027926235,0.47540674290512364,0.593162026086457,625,50,99,2.5,5,3
0.7347820329167067,0.457155981969573,0.5625806755757599,0.7339173894110299,0.4490592947230608,0.5563640873806762,625,50,99,2.5,5,11
0.7200317750548788,0.42205731433630544,0.5316772193506768,0.6967531202340747,0.4065665964724581,0.5130407875513598,625,50,99,2.5,5,19
0.5816470796727071,0.36957874089104126,0.4518260172090478,0.5144080921110626,0.2979232455880289,0.3771288505400673,625,50,99,2.5,27,3
0.6143413455384752,0.36165990304464557,0.45466093306015715,0.5324162161291892,0.27415830881979225,0.3613492807184296,625,50,99,2.5,27,11
0.5924094043314964,0.42649073423835676,0.49522983631261047,0.5184323102520578,0.3356662058700846,0.4060116908075312,625,50,99,2.5,27,19
0.6151327056671572,0.4612020262165173,0.5270410168632181,0.5140220915593959,0.34817677857839474,0.41491018983136013,625,50,99,2.5,49,3
0.634042631851324,0.46221948906399446,0.5344697232186929,0.5674406835923836,0.35588588812154437,0.4373429221929079,625,50,99,2.5,49,11
0.6430382529544404,0.4832200639198824,0.551590328060096,0.5285041726697401,0.3485556440193696,0.4198227103367337,625,50,99,2.5,49,19
0.5080512240530107,0.056921909461223025,0.10131998885024793,0.5089450702352668,0.053233766947315124,0.09553661256913885,625,50,99,11.25,5,3
0.5754852482145887,0.12218198526127151,0.20100501480362476,0.5391586186044536,0.11343789756561097,0.1870882464391018,625,50,99,11.25,5,11
0.4752048206642139,0.07637941224358061,0.1293780869334552,0.6587977927544281,0.06625487027998368,0.11690010417353455,625,50,99,11.25,5,19
0.6707422380130126,0.2524577300278577,0.3664861949497018,0.5836394433941566,0.17514487990836922,0.2691662093206814,625,50,99,11.25,27,3
0.6885019753773176,0.2510452195335697,0.36750704677373297,0.5918272288349505,0.16790197206994345,0.26060307500234753,625,50,99,11.25,27,11
0.7082036856459145,0.22839629914990658,0.3450922160654947,0.5499329346716604,0.12564200432860945,0.20407552969041973,625,50,99,11.25,27,19
0.7349323129266668,0.3019340200771925,0.42747811209891656,0.5666686286372473,0.19573037471047094,0.2894091141707751,625,50,99,11.25,49,3
0.7620550451739738,0.2939543729913866,0.423765932474949,0.5145770727590558,0.12897074085643426,0.20593211969818048,625,50,99,11.25,49,11
0.8044337642013311,0.28629175298081716,0.42121158113203505,0.5511615554904895,0.14825368859151408,0.2334018888058109,625,50,99,11.25,49,19
0.650849877991395,0.08839619985214779,0.15513351146225976,0.6352382086584094,0.08246486858295246,0.14542966907360333,625,50,99,20.0,5,3
0.6572221594830827,0.061699596093759454,0.11095968238454125,0.5808784419121865,0.051217666050618726,0.09244692057175152,625,50,99,20.0,5,11
0.49899444883858024,0.03860750901226458,0.07110118724430635,0.5814633311843358,0.031636522403482345,0.05949532913480955,625,50,99,20.0,5,19
0.7181942685288638,0.18005748677658934,0.28663193849310586,0.6171135262667388,0.1141168112526287,0.19238385647413644,625,50,99,20.0,27,3
0.7644497772663196,0.18869253589552556,0.3007232301562357,0.5687197763966488,0.10168980660093788,0.1716608671681055,625,50,99,20.0,27,11
0.7983483982990749,0.2052469710057333,0.3245900230756641,0.5955280331308891,0.11980373101366527,0.19921899541295304,625,50,99,20.0,27,19
0.7583561174906365,0.27135002222224053,0.3993965744135777,0.6038187280873452,0.15389930436971885,0.24487104959947956,625,50,99,20.0,49,3
0.8426123246431891,0.21130709665861708,0.33660193758572976,0.5938344031522024,0.08312992984001771,0.14488478339601857,625,50,99,20.0,49,11
0.8457201889510645,0.24097962502662804,0.37466712486404175,0.6545092483311125,0.10063781446808276,0.1743659239874893,625,50,99,20.0,49,19
0.6833451377771153,0.55112802130075,0.6072013309344011,0.6853157995282431,0.5476093323861172,0.6022435256882942,625,275,15,2.5,5,3
0.7987489873639408,0.5576726770962578,0.6553530727582377,0.8163962897363691,0.557187315908558,0.6605715365085344,625,275,15,2.5,5,11
0.8067435217286096,0.6078661144761851,0.6927139464446679,0.8048918269033376,0.616972431617648,0.6979498528306551,625,275,15,2.5,5,19
0.6211762220423451,0.47941094902499726,0.540884285926298,0.5189539345725761,0.37245792521047283,0.432611238686797,625,275,15,2.5,27,3
0.5756288866552992,0.39812234772398275,0.4684264510539101,0.5538135334437906,0.3071731799633018,0.3942240739811951,625,275,15,2.5,27,11
0.6643576130255465,0.5399963727949911,0.5948048778617111,0.5418755198762506,0.41113962275475535,0.4667400071538287,625,275,15,2.5,27,19
0.6353350768018203,0.5116250973481336,0.5667215379425478,0.5158327496515898,0.35828200909153723,0.4227679675619228,625,275,15,2.5,49,3
0.6593961891596934,0.43470838516265126,0.5198908927600215,0.5090794713837545,0.26952296846816765,0.3511591059802866,625,275,15,2.5,49,11
0.6054842639806653,0.42850510208093445,0.4967687691708116,0.494685420861889,0.2606523584157427,0.33799544605984067,625,275,15,2.5,49,19
0.8102633243937134,0.2381805399033424,0.36763947697961025,0.7348135826723514,0.20682676810334,0.32140700045205706,625,275,15,11.25,5,3
0.5149603696155824,0.10231634877317623,0.16711635697112726,0.3995054862942634,0.11679879919369208,0.17757210883354713,625,275,15,11.25,5,11
0.6283290554139563,0.13525130374647557,,0.6752974076368718,0.09123004936339911,,625,275,15,11.25,5,19
0.8619786321136741,0.3016869958015025,0.44560700562796574,0.49540988303464767,0.09599514063405151,0.15974291135872018,625,275,15,11.25,27,3
0.771066482814745,0.2540147298762935,0.3742013223931469,0.48667745473342977,0.1872878571276085,,625,275,15,11.25,27,11
,0.2705773669820961,,,0.15133507609168775,,625,275,15,11.25,27,19
0.8411722621791089,0.40214506922279175,0.5430837995382937,0.5898777207507261,0.2621271513453873,0.3606661170577576,625,275,15,11.25,49,3
0.7306282073428906,0.2927173431037363,0.40786557072943785,0.6063409225833485,0.13000187161663798,0.2120700600487768,625,275,15,11.25,49,11
0.8499585999562737,0.28472181031181215,0.41772570391402153,0.3947079858931861,0.08411453984454827,,625,275,15,11.25,49,19
0.5917215120330833,0.06186142787874276,0.11073377051319579,0.565447546542694,0.015138571748455575,0.02941868023995181,625,275,15,20.0,5,3
0.7149750258184752,0.09744814683013395,0.17039029272280687,0.6401034398442843,0.054684411464886534,0.10028529379134339,625,275,15,20.0,5,11
0.8938800799346641,0.2236569843779468,0.3524007413739176,0.7991268045562534,0.22479571299686538,0.34538662752357036,625,275,15,20.0,5,19
0.8076500678239745,0.24923559061537712,0.3735674627318451,0.42480604039172204,0.10113852790235213,0.16178482590621454,625,275,15,20.0,27,3
0.8213591490400796,0.1462625346866298,0.24772608174812952,0.5914317931508495,0.07026287234887181,0.12555529144083521,625,275,15,20.0,27,11
0.8464311390985624,0.1729159245591004,0.27907438632281534,0.7392598129906677,0.03584555300425319,0.06786250216188397,625,275,15,20.0,27,19
0.8860166978463208,0.5960863610335556,0.7111981450746964,0.5992682068992259,0.33055497228628716,0.4237304243294975,625,275,15,20.0,49,3
0.8788665474308818,0.15791052183165105,0.26593232322000016,0.3842885499812313,0.036707890650614486,0.06670175058307631,625,275,15,20.0,49,11
0.8233774573092578,0.1863530859962702,0.29823463001360345,0.2517321878922112,0.027448530101516003,0.04796653738981262,625,275,15,20.0,49,19
0.7508613892587328,0.43660329451442126,0.5507490741603484,0.7536182497782626,0.4381803013780253,0.5529035977733153,625,275,57,2.5,5,3
0.6714856352945693,0.3474619815385012,0.4511266944618276,0.6505006412150838,0.3475095858914381,0.44779343911746744,625,275,57,2.5,5,11
0.6328661479566194,0.34650554052500854,0.44038162171460316,0.6047302189828618,0.3351645723806838,0.4237899382804042,625,275,57,2.5,5,19
0.6512173555637571,0.4820074473077346,0.553159742458926,0.575916603525529,0.3969957170725164,0.4691644835544414,625,275,57,2.5,27,3
0.6099922450162724,0.4343878022660643,0.5062782461573728,0.5211907883387336,0.3190203307702997,0.39477486088510483,625,275,57,2.5,27,11
0.5951236479959406,0.513414800231145,0.5502163707611826,0.5488573098103529,0.43645346779653754,0.48563218452928486,625,275,57,2.5,27,19
0.6639128081315724,0.5230848394209524,0.584666532687802,0.5831707020780982,0.3779932241370636,0.4579713295534475,625,275,57,2.5,49,3
0.6210540460878998,0.5457869674209348,0.5808269790897919,0.5146106689360295,0.38817969330072805,0.44226173366466864,625,275,57,2.5,49,11
0.6076534552990513,0.5219105091106824,0.5611044299404009,0.5270328344532458,0.38760570209711614,0.44650694806237023,625,275,57,2.5,49,19
0.5762480995548137,0.1361120490070331,0.2138363252208199,0.5915321717730556,0.13119790698241565,0.20828442145947143,625,275,57,11.25,5,3
0.586970034418257,0.13667845755240984,0.2197792944421767,0.5641232296879108,0.118753628424691,0.19430595650783197,625,275,57,11.25,5,11
0.5998065937912288,0.14178846725248906,0.223251206335601,0.5917002102054756,0.12612259164392606,0.2011332543349278,625,275,57,11.25,5,19
0.7537871429428837,0.2544429150357917,0.3743415496438741,0.5318270006021248,0.15075014805216827,0.23135736420796507,625,275,57,11.25,27,3
0.7909389006049973,0.25943105627115376,0.38901982906530447,0.6088432946602864,0.15409226642185042,0.24567538889275206,625,275,57,11.25,27,11
0.8381526619502728,0.30859012361900656,0.4495919022503261,0.6365665710420331,0.15527478936884911,0.2482257590765521,625,275,57,11.25,27,19
0.7894274820259469,0.34863014092450606,0.483428581880371,0.5580722866272413,0.1856999600122852,0.2783033680401216,625,275,57,11.25,49,3
0.7719713958918134,0.28013397624931363,0.4024394928334717,0.512830622463196,0.15678688361366877,0.23621132016563492,625,275,57,11.25,49,11
0.7938503887975905,0.3116314865527582,0.44344032205889616,0.6197892303363924,0.13868780892897578,0.22467895867937598,625,275,57,11.25,49,19
0.6225925526124791,0.05972031838861418,0.10819792151940531,0.574517426210345,0.0526229188253337,0.09453896489432895,625,275,57,20.0,5,3
0.7876416921146654,0.09986958613405007,0.17701841452454942,0.7112686263371593,0.07276764273962934,0.13157874521983673,625,275,57,20.0,5,11
0.6832596616526182,0.10001018788108879,0.1708038560224569,0.5863441019877151,0.0865712190179225,0.14622882289998826,625,275,57,20.0,5,19
0.7431005153292527,0.1845940475128704,0.2945564632573286,0.5913052767928906,0.08470332536619278,0.14796675974364518,625,275,57,20.0,27,3
0.868177926153528,0.24007221889669686,0.3735982179921731,0.6292177657287307,0.1561763571241728,0.24910811771967226,625,275,57,20.0,27,11
0.7917411248448581,0.18712641967136376,0.29551677181023384,0.4195664471351101,0.07246706895515474,0.11919563429550249,625,275,57,20.0,27,19
0.8734852570254439,0.32436560264212144,0.4717787705934398,0.5884461375879879,0.13238244341880406,0.2154502214150097,625,275,57,20.0,49,3
0.8796271076513331,0.2675172018974637,0.40307015480614633,0.49177054100836526,0.08079389403011374,0.1370842510380416,625,275,57,20.0,49,11
0.8802846449964169,0.2937217656793943,0.4334053373904361,0.6640235184893527,0.1271261828965918,0.21124069683975452,625,275,57,20.0,49,19
0.6819111264943869,0.3915790014558644,0.4962335206781054,0.6414647037241538,0.3803414385714747,0.47633243370925443,625,275,99,2.5,5,3
0.6554983322032782,0.34357446976671524,0.4488531748815207,0.640096741522495,0.329796992398368,0.43315549568951023,625,275,99,2.5,5,11
0.7090222324892671,0.3576635914857331,0.4735668919915091,0.6712199730882566,0.34645587948803747,0.45564305060604743,625,275,99,2.5,5,19
0.5989778823523062,0.4862596813247833,0.5364415361636908,0.5368776918719793,0.4064400097943718,0.4623702564749385,625,275,99,2.5,27,3
0.632558360699786,0.49894251858002575,0.5576921558349361,0.5705532740806006,0.4127049531430453,0.47892387305262024,625,275,99,2.5,27,11
0.6362046387440031,0.5272911159619169,0.5766143297605315,0.5827567050506496,0.4256422612262661,0.49177497283991617,625,275,99,2.5,27,19
0.5838639747731729,0.49233446958327254,0.5340718811884974,0.48395006015849956,0.3697418119297465,0.41918008166216914,625,275,99,2.5,49,3
0.6332287687035284,0.5018562088955116,0.5595821372226716,0.5544787508842023,0.36964375858258747,0.44317585385041414,625,275,99,2.5,49,11
0.6478623449920585,0.5158500610714463,0.5739535100551364,0.542122818223404,0.3795409040514734,0.4463511204849123,625,275,99,2.5,49,19
0.6103646469171984,0.13889859209079974,0.22451350909301152,0.6006927268070149,0.12338547788641616,0.20294637160509355,625,275,99,11.25,5,3
0.6123103452979843,0.13916307870565656,0.2253346298644395,0.5898576660620564,0.12721451137738138,0.20812287379669225,625,275,99,11.25,5,11
0.6217820209543011,0.1331084278971671,0.2164337567767311,0.6124594549571749,0.11477807367081198,0.19039617908434864,625,275,99,11.25,5,19
0.7566631835491731,0.27537033905874264,0.40329705736212157,0.6160911226623077,0.19031427056770614,0.29054109697089414,625,275,99,11.25,27,3
0.7830353768730766,0.2681535722136866,0.39877680777864116,0.5939268656265455,0.17096189982927812,0.2650407880129562,625,275,99,11.25,27,11
0.8019644419127606,0.31885154415460043,0.4556710832975357,0.6387224252841691,0.22079820484396687,0.3278567329162039,625,275,99,11.25,27,19
0.6924036255108198,0.2749656698385852,0.39295224657115607,0.5439219534262777,0.14806828276038744,0.23244682587489304,625,275,99,11.25,49,3
0.7789506080724476,0.2868460189953801,0.417819083377081,0.5825558229050789,0.13623308837134013,0.2202047218578963,625,275,99,11.25,49,11
0.7840252914510241,0.2491744863380382,0.3760673471453431,0.5584110928409196,0.1378378399289266,0.22072996719629392,625,275,99,11.25,49,19
0.6343912853870456,0.09818823157103065,0.1687420383876085,0.6121781196019739,0.09344669853462487,0.1608940785653772,625,275,99,20.0,5,3
0.6849383984077414,0.1035484718280825,0.17903863072174167,0.6357211069040635,0.10098522190172467,0.17338587593902807,625,275,99,20.0,5,11
0.7394596793315613,0.07834321890238524,0.14078302815911892,0.6727034424505608,0.07049568346358845,0.1265087390461981,625,275,99,20.0,5,19
0.8179926385700887,0.2561321521693444,0.3883800063899752,0.640519905347114,0.12757678734264277,0.21197854169866678,625,275,99,20.0,27,3
0.8346757336729244,0.2296437616854913,0.35793021541650333,0.6514949362488415,0.12483123238162216,0.208128482665692,625,275,99,20.0,27,11
0.8499328280243432,0.26191730375243993,0.39881164811008124,0.6453498576467968,0.14686046464917524,0.238642213592117,625,275,99,20.0,27,19
0.8106734147081152,0.3057644598176169,0.44245352102125984,0.6582885858247134,0.13731809452114632,0.2270486784319897,625,275,99,20.0,49,3
0.8634345315095717,0.2524420582628612,0.3884363554995961,0.6274088917838019,0.06181041437897588,0.11179006718786298,625,275,99,20.0,49,11
0.8431552313310327,0.23577095493777714,0.36354763017686786,0.7010861148316901,0.1433823396448042,0.23578312451063518,625,275,99,20.0,49,19
0.6938572585816407,0.47276204769547864,0.5545000259940694,0.6781020633123513,0.45135511799928807,0.5293961561867662,625,500,15,2.5,5,3
0.8186684578323433,0.5782910969253658,0.6766637051474298,0.8077350995803338,0.5762339376878309,0.6716121324905595,625,500,15,2.5,5,11
0.6197853494712475,0.35731066285545016,0.44736343683913415,0.5763960065232154,0.3559204137151884,0.43579565095702755,625,500,15,2.5,5,19
0.5103778221690767,0.4732100308942551,0.49090107553467505,0.4370866301063169,0.3558365011020414,0.3917103495943094,625,500,15,2.5,27,3
0.6402293588401575,0.5000495958923353,0.5600227989271621,0.5019897112658218,0.3701175281921877,0.42450743326534945,625,500,15,2.5,27,11
0.7185929808986624,0.5427590307410071,0.6101602049441512,0.6053736949025033,0.4119852520577832,0.48524500571859464,625,500,15,2.5,27,19
0.6843565701151797,0.49716280494847903,0.5753855536537936,0.510331629211237,0.29464405360937074,0.3730262649011298,625,500,15,2.5,49,3
0.7033770712146561,0.6530288433327743,0.6764829039515639,0.5721709477099483,0.39564025851155943,0.46714065192516513,625,500,15,2.5,49,11
0.647571339146438,0.5347240309131789,0.5846009050526618,0.5190008305112227,0.3893878850604443,0.4439784260083377,625,500,15,2.5,49,19
0.7392955154583988,0.10921127610328812,0.1808909032890458,0.7283558009202701,0.11258567912915642,0.18375857942459878,625,500,15,11.25,5,3
0.7728082785749276,0.14326544080718562,0.2406833815849956,0.6652339516350761,0.12433855321903912,0.2092001989814193,625,500,15,11.25,5,11
0.6409993109554025,0.12787308558350685,0.2107877432958582,0.5679084225873559,0.0652852404902891,0.11624412751883867,625,500,15,11.25,5,19
0.849668950830258,0.35032626167610365,0.4890146739457031,0.6660941637570177,0.2166218694071702,0.3147875369051564,625,500,15,11.25,27,3
0.8029896837635424,0.23671051756308692,0.3602337020218869,0.5100119059911601,0.09884167055723134,0.1644305498299267,625,500,15,11.25,27,11
0.7572441851807703,0.2992506790988379,,0.4736388137623839,0.14926952277663236,,625,500,15,11.25,27,19
0.8250078451721528,0.4695158581575704,0.5968789984422807,0.6162264444975402,0.2655826615371636,0.3677196720369347,625,500,15,11.25,49,3
0.814115796020485,0.3483185401588826,0.4736298043754444,0.383278729611865,0.12900631877630478,,625,500,15,11.25,49,11
0.5547714956808164,0.17033554786385202,,0.5062005334193312,0.13803645122544256,,625,500,15,11.25,49,19
0.5377758542595209,0.05055800299417752,0.09219268719723539,0.4601073717734447,0.018801936285355737,0.036055465893226474,625,500,15,20.0,5,3
0.7279592492865036,0.07904460482669949,0.1395719690504847,0.5242598854344546,0.06015111934910658,0.10591391681397179,625,500,15,20.0,5,11
0.7581353549121829,0.12480184691383052,0.20023142015607096,0.4061335885040356,0.14792848875928993,0.21006545693016837,625,500,15,20.0,5,19
0.9305537160728053,0.3224167494937679,0.46355564815499334,0.6198384181814863,0.08166610435639773,0.14262562354481728,625,500,15,20.0,27,3
0.755644788421394,0.18394609700675701,0.2926324335773553,0.4877157471702553,0.0561956606315929,0.10057957077083314,625,500,15,20.0,27,11
0.8643919739704795,0.35167951387296964,0.49564774556684177,0.6710218791174625,0.18300582652240402,0.2823628340136282,625,500,15,20.0,27,19
0.9287614641507094,0.49231379643469314,0.6252532456155524,0.7122948389223166,0.20309286506684485,0.30826945917720505,625,500,15,20.0,49,3
0.8929877204896076,0.27667649173866365,0.4137975473297185,0.4329315348381332,0.06485434840535922,0.1124310293845336,625,500,15,20.0,49,11
0.8992604873001171,0.2917470198206973,0.43384141892171946,0.7133660741717652,0.05354098073257915,0.09711647056206543,625,500,15,20.0,49,19
0.7469770036204092,0.4852006476436037,0.5871330250669046,0.720769649943658,0.4738847713223637,0.5707916103654466,625,500,57,2.5,5,3
0.7602000319462008,0.4933520491694086,0.5951104356720193,0.7453406074853365,0.48518668940220055,0.5846422315057859,625,500,57,2.5,5,11
0.7167501477927577,0.45623418722322095,0.5559786120224393,0.7168846121482034,0.45155059471937437,0.5526105008431542,625,500,57,2.5,5,19
0.6671461467619989,0.4898388593373754,0.5646298583684639,0.5942095356654954,0.40339237543275863,0.4804895052430178,625,500,57,2.5,27,3
0.6252862040936064,0.5347155206229895,0.5763467452318364,0.5706540097924228,0.46810469509723734,0.5141608304141408,625,500,57,2.5,27,11
0.6226470301195633,0.5244012502400007,0.5692507826586037,0.5524500473883481,0.39651956158921686,0.46136827887541826,625,500,57,2.5,27,19
0.6114013892014056,0.4797161406472886,0.5369344421814866,0.49897492056181264,0.3344022628390622,0.39997200764420365,625,500,57,2.5,49,3
0.641947188443241,0.5172320786510484,0.5724132468523315,0.544099341004393,0.36493515343413113,0.4357725368850664,625,500,57,2.5,49,11
0.6292880559896832,0.49593459504619264,0.554134894513012,0.5428576427532191,0.3766625913163878,0.4443146679562165,625,500,57,2.5,49,19
0.723054788903038,0.17082334127513343,0.2746558743133079,0.688040491236126,0.15103874332179734,0.24483997119170844,625,500,57,11.25,5,3
0.6242541607837107,0.158548431940815,0.24754745448927248,0.6156790526993294,0.15123713807047243,0.23681321395496366,625,500,57,11.25,5,11
0.6301549322632592,0.18568186072012297,0.28380103651916083,0.6069443127449584,0.16260783140598586,0.25302919637238824,625,500,57,11.25,5,19
0.7557073530414242,0.2837105679430913,0.4117086371802419,0.5902975765593734,0.17326526249215524,0.2673687889967751,625,500,57,11.25,27,3
0.8346551945565786,0.30510182082331894,0.4438071910711642,0.5961488153393835,0.13860568366886533,0.22401896414050945,625,500,57,11.25,27,11
0.8414215618036163,0.2844494322443268,0.4245285106746391,0.6004108122744996,0.18553533702196504,0.2819997955473915,625,500,57,11.25,27,19
0.8641442952345811,0.43838183791805146,0.5811507787073893,0.6328208920493936,0.3111690462713823,0.41615874668226627,625,500,57,11.25,49,3
0.8507093643455412,0.38712055362840947,0.5310472720439282,0.6957994091479456,0.1843341531542367,0.2907066777754324,625,500,57,11.25,49,11
0.7836196374262332,0.2785399370265454,0.39863804559941907,0.4623644555158099,0.14651096227019228,0.2135331031185437,625,500,57,11.25,49,19
0.6597086258194934,0.08468361212380128,0.1486745704754964,0.6141134606456196,0.05955155670282513,0.10604648961002923,625,500,57,20.0,5,3
0.8089439621416754,0.19213378761650504,0.30896932488930595,0.7590364367582244,0.17103370088233072,0.27775859062567926,625,500,57,20.0,5,11
0.8359727481863796,0.19119118500642382,0.30527305204344357,0.6771416660390431,0.17387344969309826,0.27387538559179536,625,500,57,20.0,5,19
0.8239460700800204,0.26770531087759436,0.4016412685981749,0.6204493681971048,0.13650588214412607,0.22271461043051302,625,500,57,20.0,27,3
0.8569404027269601,0.24754971138985885,0.37737880743084323,0.5920103541856719,0.12930157794457886,0.20764499067402992,625,500,57,20.0,27,11
0.8942468916948251,0.25150826950413147,0.38800176612489684,0.7299556011647428,0.17289172724613106,0.2731023435156241,625,500,57,20.0,27,19
0.8658863176338607,0.35702896132667206,0.5032321898330179,0.6053858016051047,0.2173040363976377,0.31821415554124344,625,500,57,20.0,49,3
0.9033609310715682,0.349373504295255,0.4997613149919254,0.7824712222202436,0.13882345367482965,0.23537039677882998,625,500,57,20.0,49,11
0.9008887949158972,0.2907196886848087,0.43162478738763194,0.6331571863508731,0.10593742971211739,0.18106522293447125,625,500,57,20.0,49,19
0.7508016539467739,0.44592470691941294,0.5574154949991662,0.748620494075076,0.4421584837300477,0.5540911190417471,625,500,99,2.5,5,3
0.7430807939946394,0.4637715004581331,0.5702953084253003,0.723155746497573,0.4558124478989274,0.558489951388271,625,500,99,2.5,5,11
0.7940908027137429,0.5616168195748622,0.6545562394286506,0.7700121116978246,0.5512722683541279,0.6394249974229158,625,500,99,2.5,5,19
0.6219714765452093,0.46118363594820605,0.5293587243201398,0.5404532046327339,0.35949885997010167,0.43126640890136714,625,500,99,2.5,27,3
0.6259514411882507,0.5102917932587462,0.5615375859337587,0.5472472743927255,0.4185613846580937,0.47382445033344084,625,500,99,2.5,27,11
0.5860035776744922,0.4619830456187905,0.5156913610417697,0.5243243952989757,0.3809280182040139,0.4403992766533467,625,500,99,2.5,27,19
0.604364175485166,0.48806933994355933,0.5394588693624996,0.4758108292499152,0.3354284864214481,0.3930365469132949,625,500,99,2.5,49,3
0.6096561382141309,0.4765371162775942,0.5343281039968518,0.4667443767922281,0.33025047967958765,0.3866181317830891,625,500,99,2.5,49,11
0.6168554780318802,0.5274333596459617,0.5683632839327095,0.512772179055635,0.39247729865029796,0.44448140346473847,625,500,99,2.5,49,19
0.5734569621858454,0.1472357050689611,0.2305557080010381,0.5858021222851996,0.12764333566807162,0.2050534511157391,625,500,99,11.25,5,3
0.6146878302294513,0.14880768761208107,0.23891748569889487,0.6132343822172341,0.12775258136721873,0.21074633966936346,625,500,99,11.25,5,11
0.6323719720537246,0.19122589303265727,0.29235410693330594,0.640998669415541,0.17590389625399033,0.2745664978650416,625,500,99,11.25,5,19
0.6915062565580065,0.2493472680680542,0.36521786377806525,0.5699368801538169,0.1813760380810958,0.2745854007830824,625,500,99,11.25,27,3
0.8187088245964591,0.3441206160266217,0.48298198801958014,0.6919745846724709,0.2412166615175895,0.3555566498929728,625,500,99,11.25,27,11
0.7680053739384713,0.2564565094635349,0.3812428940997179,0.6159859535379,0.1427320610499152,0.22932946407105256,625,500,99,11.25,27,19
0.7793372554914731,0.36399974761392606,0.49546214616571516,0.6275223272259723,0.24717251921206126,0.3543861264654933,625,500,99,11.25,49,3
0.7976504339194738,0.27102706038856655,0.40174710055096396,0.5176386914165865,0.13257311492630353,0.21062157894121014,625,500,99,11.25,49,11
0.8594755783155634,0.31646795744278894,0.459058242520239,0.6604445128376853,0.16914746697960895,0.26576055500056084,625,500,99,11.25,49,19
0.665369014737223,0.07623883348986303,0.13492145767507785,0.5690566654223117,0.05746908765459342,0.1028239374864314,625,500,99,20.0,5,3
0.723727584842678,0.12958985683003957,0.2182562744109078,0.6751960780119842,0.11647295416274096,0.19775748739678692,625,500,99,20.0,5,11
0.7147594997650168,0.09309600126645425,0.1636231931627893,0.6687396900456284,0.08333031968889937,0.1461454279884,625,500,99,20.0,5,19
0.804124794321989,0.2639307209429978,0.396897338583692,0.6165486927350169,0.14919110445534853,0.2397325358121761,625,500,99,20.0,27,3
0.8684087061546834,0.24705166819510652,0.381513678765976,0.6874425871674277,0.16447068026077882,0.26421927696190217,625,500,99,20.0,27,11
0.8497518697997021,0.22074755453310801,0.34719045364865303,0.6384863134723249,0.13684670833836818,0.221649546782178,625,500,99,20.0,27,19
0.8253370394479412,0.3641683249342378,0.5048001425203484,0.6679545720582418,0.22061346889341385,0.3303970740210117,625,500,99,20.0,49,3
0.9092572420938455,0.3100464603573136,0.46143445723024373,0.7052302526883587,0.1239034460889852,0.21060207428374883,625,500,99,20.0,49,11
0.8816968750780383,0.23637214914651208,0.3682570886260313,0.5773500655987918,0.0879067638403174,0.15148321255615976,625,500,99,20.0,49,19
0.7608656644314593,0.6141521835502635,0.6729948565523598,0.7338978622216938,0.5956174275002319,0.650352029538605,1000,50,15,2.5,5,3
0.7829091098122649,0.6152230217259004,0.6776370716449164,0.7607013750342212,0.5934283948270928,0.6530298256406724,1000,50,15,2.5,5,11
0.7289528242299196,0.5313036986063566,0.6074614199058372,0.7223280377673412,0.5403360924711561,0.6130612986939682,1000,50,15,2.5,5,19
0.7086046578656308,0.5947940215226978,0.6462083691225272,0.6613969615998285,0.512747138790644,0.5772952566998976,1000,50,15,2.5,27,3
0.6482246461102178,0.391846605731141,0.4858110103607444,0.4770837691449224,0.24214338518279666,0.3179454971120842,1000,50,15,2.5,27,11
0.6670195957976041,0.43937190446228985,0.5232548837033612,0.6376969806431881,0.35099086074886476,0.4466214863093631,1000,50,15,2.5,27,19
0.7997892971487552,0.6135028652232052,0.6934905012621357,0.6659616245993198,0.45877692682783805,0.5425892701531669,1000,50,15,2.5,49,3
0.6985735443867936,0.49729170545337475,0.5801266892407134,0.47252636623074085,0.30722253891258805,0.37197782535002055,1000,50,15,2.5,49,11
0.7036045882395956,0.5903987510970279,0.6419309639506907,0.5424114276285457,0.4408561870454848,0.4858224731304277,1000,50,15,2.5,49,19
0.5115745104520115,0.18272235991089092,0.24769490556174434,0.6781434641089427,0.1796907624588204,0.2582652394765422,1000,50,15,11.25,5,3
0.6318575815532809,0.15562499157634127,0.2485741644031015,0.5626360330349001,0.13129221803497163,0.2115039710537208,1000,50,15,11.25,5,11
0.5257846973282997,0.1038055583406235,0.16843564303817923,0.6287700859431226,0.08875111925552338,0.15034412436982994,1000,50,15,11.25,5,19
0.8333855681633003,0.4205103499396055,0.5578547535547039,0.6728604147976736,0.24998406192005537,0.3625740139214932,1000,50,15,11.25,27,3
0.766567826996648,0.35993370597545715,0.4891662274225606,0.6123173297843609,0.2778747496881667,0.38070627557060704,1000,50,15,11.25,27,11
0.8158026230960229,0.3658990325736426,0.500929788603574,0.5715612513128756,0.2545859658562452,0.3432582490815835,1000,50,15,11.25,27,19
0.8171973858971654,0.40016618886029076,0.5293727971070351,0.4545731076748444,0.23056361151295157,0.300246803291167,1000,50,15,11.25,49,3
0.7718316052146,0.3818085801775719,,0.606326492882311,0.18968332516799433,,1000,50,15,11.25,49,11
0.8443277477898156,0.3003576627856669,0.43309629639591646,0.6241783241142826,0.17135490268190387,0.2610736003940279,1000,50,15,11.25,49,19
0.6886710687752688,0.1648967504122302,0.24457429141489015,0.614747344932458,0.17833766178485314,0.2533727940086814,1000,50,15,20.0,5,3
0.6834884330420148,0.17543967103270788,0.2682782063852136,0.8424349450372055,0.14809120321082356,0.24142822773450223,1000,50,15,20.0,5,11
0.6452465758537683,0.23842565320554393,0.3411352109982846,0.7403963508875578,0.22740652036142875,0.3365274021105017,1000,50,15,20.0,5,19
0.929017046492558,0.29215905727116404,0.442886571846087,0.8828570232122595,0.2148867272171813,0.3443390592320409,1000,50,15,20.0,27,3
0.7754557534761903,0.2214345366549959,0.3380869552684832,0.37115008137657346,0.10110382569970017,,1000,50,15,20.0,27,11
0.8785999064524707,0.38178820283614845,0.5280978046350481,0.7269223092252144,0.26458139498154765,0.38282572429354106,1000,50,15,20.0,27,19
0.9268573815439783,0.45651557955124444,0.5984683321539077,0.7362522667638189,0.3052123916571995,0.42068001819330264,1000,50,15,20.0,49,3
0.8778277170458555,0.3205787990793457,0.46844430457533587,0.6942343901075018,0.21309543250726729,0.32385947662646236,1000,50,15,20.0,49,11
0.8378489281107497,0.2433489065470913,0.37465138759579164,0.45099628842185896,0.09396835926559338,0.15465297653692472,1000,50,15,20.0,49,19
0.800722408406699,0.570029764217391,0.6651228195935972,0.788339920923249,0.561050278308865,0.6546723149846317,1000,50,57,2.5,5,3
0.8008180605559718,0.6420014628486912,0.7120107925933374,0.7946786903867085,0.6387418923537092,0.7076486133626542,1000,50,57,2.5,5,11
0.8095032440269985,0.6117284180433521,0.6950886964314944,0.7804106805596928,0.6012179974246432,0.6777963667526172,1000,50,57,2.5,5,19
0.697539752070131,0.5066711536684175,0.586628236651291,0.6238070940288186,0.42521583032955407,0.5051839018641362,1000,50,57,2.5,27,3
0.6397921012087087,0.4562166249143157,0.5320458011388525,0.5591452330398021,0.35784276719941877,0.43571350752523624,1000,50,57,2.5,27,11
0.6446113598199732,0.41609006452119784,0.5054677647544779,0.582602283987738,0.33842216263276065,0.42778611692950785,1000,50,57,2.5,27,19
0.6444739510537152,0.4585309945025538,0.535419467429012,0.5099361461991456,0.32335414212083535,0.39550183472633266,1000,50,57,2.5,49,3
0.683590346249667,0.4849061502478271,0.5665802204281711,0.569332302798011,0.3471921514896177,0.43118865644580817,1000,50,57,2.5,49,11
0.6816239145009308,0.4970492650473766,0.5740054170172076,0.5632781290740264,0.35521506379744633,0.4349127703073446,1000,50,57,2.5,49,19
0.5636756507589377,0.14424908726396346,0.22540569985915226,0.5506511968968483,0.13288961740939353,0.20945973509089907,1000,50,57,11.25,5,3
0.6010935126284284,0.18975991097291137,0.28042301695525834,0.6190643520439598,0.17701714106431052,0.26534466650999033,1000,50,57,11.25,5,11
0.6115857823292999,0.23914111861659093,0.3403919676981466,0.6292115922888383,0.2318640367361165,0.3371647747022473,1000,50,57,11.25,5,19
0.7530364831435812,0.2884259815509323,0.4159061658341642,0.5571341564346226,0.18774820457710018,0.28013948741293293,1000,50,57,11.25,27,3
0.7575140394169243,0.31207988632195954,0.44140011204985014,0.6368144282529571,0.22960309595465828,0.3370895946350695,1000,50,57,11.25,27,11
0.7806824577275315,0.27987477684684287,0.4117241096813871,0.5748971076885311,0.14968356779920508,0.2372569115779579,1000,50,57,11.25,27,19
0.8269995570647535,0.4030229226535308,0.541000942284213,0.6105853269057068,0.2361998848446725,0.3404636385944901,1000,50,57,11.25,49,3
0.7898938410196585,0.31719107803171503,0.45180237568893866,0.5362830189697304,0.170628052259185,0.2580885747907293,1000,50,57,11.25,49,11
0.7536839079023877,0.23245438791974699,0.353097831365553,0.44861484039795274,0.10743700083684958,0.17236540951674129,1000,50,57,11.25,49,19
0.4929347503417478,0.07349060135667337,0.12714298853226647,0.6149365811654424,0.06787284823441968,0.12140222450863179,1000,50,57,20.0,5,3
0.6967892520602007,0.1402776311067811,0.23192430077068726,0.6637064262348399,0.13059146891148288,0.21584260143520473,1000,50,57,20.0,5,11
0.6444925756589982,0.16232952888984462,0.25844195665535036,0.6539170374193705,0.14947109814151294,0.2424466803680371,1000,50,57,20.0,5,19
0.8002243134253203,0.23758454203976287,0.3648300222404041,0.6728812461223863,0.1544799277246063,0.2502371128186907,1000,50,57,20.0,27,3
0.8255660051408147,0.212859965092507,0.3341182688798122,0.5237708825960591,0.10165539093798585,0.16970364640264923,1000,50,57,20.0,27,11
0.7490941636394709,0.15808678057499945,0.2559500164114757,0.5521534839134811,0.09349084652641518,0.15709868239211577,1000,50,57,20.0,27,19
0.7915467062414698,0.2878266392210477,0.41891383403258226,0.5318116821593935,0.16429080098956572,0.24947318569904767,1000,50,57,20.0,49,3
0.8458077406785228,0.25672391928324545,0.39283203868258404,0.6061710234507758,0.1517170237554932,0.24188620560119034,1000,50,57,20.0,49,11
0.9230500277557586,0.279118667034329,0.427128764476487,0.7595555576292257,0.13003735816381295,0.2217639791007458,1000,50,57,20.0,49,19
0.7433939913329225,0.4748928591271394,0.578696248640395,0.751261236850358,0.46409349140411593,0.5728124780884069,1000,50,99,2.5,5,3
0.7516268716436598,0.5168253157174448,0.6114539953751948,0.7561085417341528,0.5133408992000345,0.6105037478537316,1000,50,99,2.5,5,11
0.7771603383512656,0.5810219377089113,0.6640626257624063,0.7588055031655404,0.5715007537147062,0.6510802898938873,1000,50,99,2.5,5,19
0.6249203970877264,0.4273664773589763,0.5074388782137181,0.5723895072334216,0.34312593002772457,0.4288262710054392,1000,50,99,2.5,27,3
0.6141092362031847,0.4335150696256626,0.5081710392840283,0.5542770173473247,0.35008805000138166,0.4290523733121082,1000,50,99,2.5,27,11
0.5981808401636733,0.4281485594220797,0.4985105130649607,0.5490750095722267,0.34898969263635155,0.4260281389492787,1000,50,99,2.5,27,19
0.6515920751203061,0.5148712033079105,0.5750815692549632,0.5738960439848425,0.38590712901652535,0.461322905677642,1000,50,99,2.5,49,3
0.62866620799883,0.4835681382206267,0.5465561496857844,0.5317521358354909,0.36133901810748514,0.43017853195306655,1000,50,99,2.5,49,11
0.6421060738023515,0.47310634013037683,0.5447284497283755,0.532973279383783,0.3444890364838884,0.4183449271901978,1000,50,99,2.5,49,19
0.6041551359129603,0.19667928801294704,0.2954961129890139,0.6421503637312476,0.18582485888237238,0.28730363655614277,1000,50,99,11.25,5,3
0.6825822116813233,0.1825358146893173,0.2860150931094647,0.6885156838442246,0.1721561416266951,0.27300221645697753,1000,50,99,11.25,5,11
0.5728614532448496,0.1860170042347187,0.27993912070220667,0.6265008723198605,0.17513016593408473,0.27248394244783053,1000,50,99,11.25,5,19
0.6888772927873352,0.2019078642811485,0.3102636306761303,0.5415560834986941,0.11902485103614463,0.1938036301656407,1000,50,99,11.25,27,3
0.6983596826444307,0.21469583182371832,0.32772257777269914,0.5261625933345329,0.13431323879876522,0.21363128592028457,1000,50,99,11.25,27,11
0.7064159324578011,0.2170724012009968,0.3319215147933936,0.5678086688362737,0.1574849823634323,0.2463203343652336,1000,50,99,11.25,27,19
0.7082354534275065,0.2994000347554888,0.4206048148347449,0.5405896287440574,0.1839398469066855,0.2738905323255316,1000,50,99,11.25,49,3
0.7977477602034875,0.30939087946107996,0.44533705581686517,0.591536706430655,0.1735309247870599,0.26810336888165237,1000,50,99,11.25,49,11
0.759643438105391,0.3186608786152458,0.44830091085615725,0.5473095681581616,0.15026938470686999,0.23511233478186117,1000,50,99,11.25,49,19
0.6605285004433533,0.13506947069038103,0.22277057691417668,0.6943517653133463,0.12860117237724103,0.2151626375667074,1000,50,99,20.0,5,3
0.6330106535820287,0.0776124327518919,0.1363501977131634,0.5679632236339036,0.06000931477301725,0.10667520050285605,1000,50,99,20.0,5,11
0.6715103565174848,0.13621755317995096,0.22541724474849073,0.658777046960953,0.13262509535621156,0.2197131528726346,1000,50,99,20.0,5,19
0.782067467683585,0.2150139672004328,0.33680950275983773,0.596993295769775,0.12228628994381854,0.2027197290110909,1000,50,99,20.0,27,3
0.7933745466171968,0.2140712604167612,0.3366792511540656,0.5605835534073008,0.13278371920381202,0.21446425280898104,1000,50,99,20.0,27,11
0.74529043126743,0.15983532175526302,0.2620678084731536,0.5027571976370367,0.08723456128107798,0.14838005859051853,1000,50,99,20.0,27,19
0.8258576701274432,0.3058276485620295,0.44604716200276096,0.5870292871185957,0.18563195966781,0.28150983056908696,1000,50,99,20.0,49,3
0.7712433609943109,0.22974010416411675,0.35287095795806805,0.5988988299898877,0.12405691066170238,0.2047540642767168,1000,50,99,20.0,49,11
0.7350967610657319,0.17971489470304988,0.2867340910206722,0.5816608535568247,0.07292716387033839,0.12869959962118732,1000,50,99,20.0,49,19
0.7096572712349548,0.4583238912834549,0.5506719060977564,0.6926504722562133,0.4553805244899644,0.5423815311766571,1000,275,15,2.5,5,3
0.802934628008811,0.6286672485259346,0.7032887545556918,0.7934178228032439,0.6300280514830073,0.7005978588507031,1000,275,15,2.5,5,11
0.8216081311984776,0.7000451873153203,0.7555440137576159,0.8197972744403852,0.6925152110377657,0.7502681813288522,1000,275,15,2.5,5,19
0.6339268328588034,0.5651104670428956,0.596137160207708,0.5782190638078151,0.4654972654141332,0.5137754652924733,1000,275,15,2.5,27,3
0.7242817917012565,0.5885299954063501,0.6485000537802459,0.6515760375010144,0.4602041561177538,0.5384094509708942,1000,275,15,2.5,27,11
0.6759009597038864,0.49372648365302235,0.5698397717165338,0.6304315386007129,0.4426154948657729,0.5197257683725589,1000,275,15,2.5,27,19
0.6433364453696456,0.38744857461224025,0.4805555287851275,0.5092141554791726,0.26308860906693005,0.34399530028582637,1000,275,15,2.5,49,3
0.6166363815837075,0.3755679220345734,0.4645185641485432,0.36248043650571465,0.1579644973133255,0.21586489580665474,1000,275,15,2.5,49,11
0.6026713886386493,0.5267558711608294,0.5612056155349311,0.45738877744631234,0.3326036966527999,0.38407266181412586,1000,275,15,2.5,49,19
0.7404151026616398,0.20063627481620475,0.30986572828123243,0.6869218642782328,0.2023712164654995,0.3035959826050958,1000,275,15,11.25,5,3
0.7169142491036049,0.2994695809026437,0.40632836040331066,0.7190140922840705,0.32570474534508326,0.4328446789407925,1000,275,15,11.25,5,11
0.7133506697164032,0.1756591482798027,0.2807460400212255,0.6076635653273263,0.15071659627381734,0.2400719140318733,1000,275,15,11.25,5,19
0.846905500753629,0.43444138636789115,0.5731055014764291,0.688585769504215,0.2844484851598516,0.401294315567906,1000,275,15,11.25,27,3
0.7087992250122026,0.21959599526126572,0.33167759134476243,0.468572238514763,0.13295988841032183,0.20659626884681706,1000,275,15,11.25,27,11
0.8523919753190387,0.28707839926988155,0.42797473771316985,0.6017041756770769,0.13197012889835372,0.21573164657738475,1000,275,15,11.25,27,19
0.7493853809917183,0.37122017693174764,0.4823582605694353,0.3695830129190311,0.1318954075289671,0.19223314822812085,1000,275,15,11.25,49,3
0.663563036014568,0.19076138876609514,0.29086890472604837,0.44330661986867165,0.04946341338662888,0.08766168673785174,1000,275,15,11.25,49,11
0.8538096467567861,0.503079293835686,0.6226145621039064,0.6603060312235057,0.4397040159028471,,1000,275,15,11.25,49,19
0.5799621808682974,0.1034223922671997,0.17337610246239243,0.6072727309904044,0.08238570488529363,0.137498189914359,1000,275,15,20.0,5,3
0.7723605150839855,0.09472565295744606,0.16427689027258763,0.7168307235379521,0.10565478914873667,0.1712086814024283,1000,275,15,20.0,5,11
0.8505294882974769,0.17517739204050334,0.29004155812301785,0.7560133082856147,0.15534166014664036,0.2525393741834081,1000,275,15,20.0,5,19
0.7706235108481194,0.1690645938572265,0.2742319499044415,0.5470000344486341,0.13220730168343767,0.2117952035189562,1000,275,15,20.0,27,3
0.8668225592748915,0.18083656704378134,0.2968330339257759,0.5853125418840004,0.08825827911644496,0.15166785106236436,1000,275,15,20.0,27,11
0.9420023025019372,0.3411533808694026,0.486780593699436,0.8069385487490538,0.2165352191763514,0.3273438603325748,1000,275,15,20.0,27,19
0.9099850310128491,0.3483527289742792,0.5019314491531476,0.5524241421833307,0.1583840894894465,0.2445640497574786,1000,275,15,20.0,49,3
0.9343096418593558,0.38272319556547973,0.5403156939844102,0.7246889191355707,0.12142444767907867,0.20676116445664097,1000,275,15,20.0,49,11
0.6836060520003711,0.14759403739496682,,0.33756636441241983,0.03110481268026483,,1000,275,15,20.0,49,19
0.7561538938274747,0.4894854580289649,0.5932758349554236,0.720170381854159,0.4784499251177609,0.5740252500802492,1000,275,57,2.5,5,3
0.6961591128232767,0.4004457195581047,0.5062105190167544,0.679463922352483,0.3940977337639999,0.4966499812355336,1000,275,57,2.5,5,11
0.7047307927572569,0.3728428046089569,0.48641275412939683,0.6853414983938726,0.36735419588519314,0.47687234228908687,1000,275,57,2.5,5,19
0.6394369217951539,0.5259457616522386,0.5769014869054264,0.5663538712763242,0.4100386862989261,0.47534195010306796,1000,275,57,2.5,27,3
0.5999330118192389,0.45750304095228694,0.5180973041467564,0.5258844555640445,0.3533118180054963,0.42142064370873095,1000,275,57,2.5,27,11
0.6200908934372136,0.49833725185177274,0.5517871588331409,0.5830931644531838,0.4031886530450475,0.4755507870513579,1000,275,57,2.5,27,19
0.6761860152848099,0.5184199388942021,0.5863818280164312,0.5645478141321673,0.3743744072071901,0.4495319800850408,1000,275,57,2.5,49,3
0.6424144027558782,0.48253859032528384,0.5509061643367666,0.5409377029186981,0.36271220197715776,0.4341165636145945,1000,275,57,2.5,49,11
0.6208850511721112,0.5051087602955066,0.5566444260941887,0.5382398361782977,0.3760151864005069,0.4424803814046232,1000,275,57,2.5,49,19
0.6762513168297196,0.24712981419691502,0.35985051306896276,0.66173206122293,0.24727693846034712,0.3581815384403381,1000,275,57,11.25,5,3
0.6160613953240129,0.1595647767924062,0.25065077228474875,0.5837693334755052,0.1487014122163002,0.23260760058047822,1000,275,57,11.25,5,11
0.5503789546925827,0.12771996849241088,0.20162525435241047,0.5569097234088476,0.11396641948049768,0.18423995246305044,1000,275,57,11.25,5,19
0.7930575516043575,0.34054084184678374,0.4763790496448159,0.6045042435442901,0.22537952100239345,0.3279705925270387,1000,275,57,11.25,27,3
0.7723763016900196,0.31170600863513703,0.4428696623852522,0.5127986428740235,0.1867013846981047,0.2693734668500896,1000,275,57,11.25,27,11
0.7361166798780979,0.24917874285662361,0.3712715349666755,0.5450319725048374,0.16641252596078407,0.25457140638013037,1000,275,57,11.25,27,19
0.7856430658221298,0.4195290751802482,0.5457627524645958,0.6490959274737179,0.3059862956861395,0.41552122507410655,1000,275,57,11.25,49,3
0.7596304480979104,0.2764056872354442,0.40167589233094686,0.4164219146201166,0.1206249977936553,0.18639815692800407,1000,275,57,11.25,49,11
0.8147204049547415,0.3260422814244215,0.46334811809977283,0.6077041406197169,0.18723711976549468,0.2842205578611748,1000,275,57,11.25,49,19
0.6120426164094328,0.12980729035336191,0.21100887874999516,0.5698944852465421,0.1092562140769857,0.17985572851267312,1000,275,57,20.0,5,3
0.7615769351314549,0.16595751463947253,0.271571344285867,0.6621909146128718,0.1479058613571305,0.24034040266687418,1000,275,57,20.0,5,11
0.634916253203386,0.07988248820895329,0.1407039932196782,0.5368839242330451,0.0703493450821821,0.12334967607434605,1000,275,57,20.0,5,19
0.7721372054617607,0.23660773824938006,0.3594673749237302,0.5935745980650557,0.1558180900499456,0.2450265452770812,1000,275,57,20.0,27,3
0.8162766543754951,0.1725129838529626,0.2817382347916164,0.5487842080493033,0.07987488629200906,0.13795428617043323,1000,275,57,20.0,27,11
0.8469488548835133,0.318215420827979,0.4607355637605402,0.6243872436815208,0.1949157953966332,0.29345071451859445,1000,275,57,20.0,27,19
0.8229780942792941,0.3471890566182653,0.48796881111734264,0.6300645776813694,0.21403776447398723,0.3191627244832439,1000,275,57,20.0,49,3
0.9238747940024917,0.35462555223486975,0.5108568739501945,0.7668588354484384,0.18090423259489324,0.2918057052905125,1000,275,57,20.0,49,11
0.8984888163426497,0.28695984969172733,0.42986437916593373,0.7455483227541501,0.1833069262536788,0.2914567750622896,1000,275,57,20.0,49,19
0.7115719790063035,0.43154781059005526,0.5354854809326386,0.7259343653879601,0.42416229886190976,0.533269380109687,1000,275,99,2.5,5,3
0.6998158600774654,0.3987009689473538,0.506926466382014,0.6897051682661105,0.38964907133966575,0.4970299724303796,1000,275,99,2.5,5,11
0.6943164200072244,0.4151273408640503,0.5180698247199615,0.6885596000390214,0.4089093887092669,0.511677896033551,1000,275,99,2.5,5,19
0.6041007543670915,0.471308931574414,0.5289379563515987,0.5585264262765879,0.39092037006311986,0.4593703289856242,1000,275,99,2.5,27,3
0.6229785041105262,0.548968332941092,0.5835301585767524,0.5679791377082655,0.46481457624470934,0.5111281512865994,1000,275,99,2.5,27,11
0.6139162533310131,0.526786571209644,0.5663467306277542,0.5774466930198632,0.4270650816036055,0.48994465865723086,1000,275,99,2.5,27,19
0.5841692857551508,0.5114789579129323,0.5452157535498566,0.4915260520501965,0.38463359104584954,0.4314097958633994,1000,275,99,2.5,49,3
0.6518025014163752,0.5505974853589318,0.5962872838522194,0.5799936368721,0.44753580866561415,0.504639178884865,1000,275,99,2.5,49,11
0.6215342616981275,0.4818094528052399,0.5425755599212793,0.5162156087924259,0.33967686495145355,0.4095899108722634,1000,275,99,2.5,49,19
0.6128890002652383,0.1363171203167312,0.22075352476765886,0.6494384889093401,0.13151738520547968,0.21626336128659113,1000,275,99,11.25,5,3
0.709817711466358,0.2267249840090926,0.3425002380935612,0.69264982096018,0.21836950994927973,0.33074744472961987,1000,275,99,11.25,5,11
0.6170073060124586,0.1741568704371813,0.2689053261919764,0.603318899395682,0.15730333007208241,0.24676176432149488,1000,275,99,11.25,5,19
0.7288994864189963,0.25643671074267343,0.37821598476371165,0.6072653185595329,0.1717599562473079,0.26737609250367167,1000,275,99,11.25,27,3
0.7790005212339327,0.27276589909324594,0.4036390661557656,0.5598974701312004,0.15971038034924193,0.24831670489638996,1000,275,99,11.25,27,11
0.7188773103164485,0.26314622594718334,0.3848770215615444,0.5792808966847383,0.1774963675804802,0.2714438618306971,1000,275,99,11.25,27,19
0.737876144137665,0.34754622810006236,0.4722326388645685,0.5567825546655714,0.20111063075751448,0.2952542733982335,1000,275,99,11.25,49,3
0.7758204842255073,0.2760496307908857,0.4056507989504141,0.5530221336328461,0.13999038143175807,0.22270164584880267,1000,275,99,11.25,49,11
0.7384588589337496,0.29524260602716773,0.42104945309584974,0.5403857774902714,0.2081381620118318,0.3003241204927552,1000,275,99,11.25,49,19
0.6761974727669373,0.101352024122004,0.17604515888215932,0.6058625675018244,0.08558223923288064,0.14961083589530355,1000,275,99,20.0,5,3
0.6120643372738253,0.07918410350248796,0.13821794427849365,0.5371063017392683,0.06222897764254522,0.1096470673823074,1000,275,99,20.0,5,11
0.6444026377905476,0.10614245844365344,0.1818010053250092,0.6665101696077332,0.09040683063532753,0.15875880865271047,1000,275,99,20.0,5,19
0.7448030804457697,0.21285468420572268,0.3299378939915344,0.6031924979472546,0.11744785358067196,0.19586237992211564,1000,275,99,20.0,27,3
0.8284128068593671,0.2352056912469579,0.3643891942583124,0.6656377756289342,0.14994526027143668,0.24410431846825656,1000,275,99,20.0,27,11
0.8085920084165784,0.20962346108746288,0.32964005212191944,0.46911338985929485,0.11600256972490984,0.18448257779827523,1000,275,99,20.0,27,19
0.8894561517400986,0.3868582064633232,0.5384293026391821,0.6903322009039496,0.21186277313471064,0.3239207313691298,1000,275,99,20.0,49,3
0.9060697055312048,0.2949818826166322,0.44306693051143037,0.7111908048589447,0.11935266531090102,0.2042812854489622,1000,275,99,20.0,49,11
0.8764372540871037,0.2659370621763214,0.40612525714772896,0.6753690301115287,0.1561318537593323,0.25166388037126375,1000,275,99,20.0,49,19
0.6771300900863416,0.44257604086992486,0.5283392613896079,0.6699980980674148,0.4462634522881837,0.530049221895816,1000,500,15,2.5,5,3
0.6986987460844016,0.5560999077157855,0.6188288640832194,0.6929683750329733,0.5507228461330157,0.6133280686667127,1000,500,15,2.5,5,11
0.7314287886752229,0.5859493494113588,0.6454144873816202,0.7032448435920821,0.5617112098689476,0.61928124561363,1000,500,15,2.5,5,19
0.6276673662510784,0.45291951836799277,0.5249264270584206,0.5592922669861718,0.3543926808718483,0.43325163245614373,1000,500,15,2.5,27,3
0.5900708521569629,0.3659044443634014,0.4456190259675043,0.5009819997620675,0.2473922162974765,0.32625942172965694,1000,500,15,2.5,27,11
0.6578837186692793,0.48300545286999613,0.5560663023054077,0.6197826040844846,0.41258186387430096,0.494296906044538,1000,500,15,2.5,27,19
0.7035892359468442,0.5428681476200611,0.6120796560378197,0.603260021138049,0.41984499004934883,0.492431934251916,1000,500,15,2.5,49,3
0.6179246572062307,0.42139653820851525,0.49929989763863064,0.49848183955065317,0.29938424469839875,0.3722688663896379,1000,500,15,2.5,49,11
0.613089625756925,0.5073751567454676,0.5550074294738283,0.4627844646545027,0.315327284823268,0.37487758709819646,1000,500,15,2.5,49,19
0.6961014291730456,0.15972677001732125,0.2587648460829942,0.6756748184246428,0.1185895989382936,0.2002826197111607,1000,500,15,11.25,5,3
0.7679219472861113,0.24096393245160846,0.3537505262880668,0.7145424265607031,0.21585891205765018,0.31666854324173516,1000,500,15,11.25,5,11
0.598176194291298,0.14936627273385458,0.23841955807672238,0.6508085664079067,0.13381173390719792,0.22063191024680737,1000,500,15,11.25,5,19
0.7349568557371922,0.29632477967248066,0.4091054449859994,0.4885345269021719,0.08529783495443823,0.14397312332820028,1000,500,15,11.25,27,3
0.7906903410210997,0.2073079776504897,0.32429559775887756,0.4443896936581813,0.08552239526773325,0.14284767336103055,1000,500,15,11.25,27,11
0.7206148002633982,0.16355828353583524,0.2650907767628802,0.507635499839449,0.05561539808886406,0.09953377757187166,1000,500,15,11.25,27,19
0.8496898501203076,0.5232829842969688,0.6465239513776466,0.7937373914776107,0.38741183309616983,0.5186547044703571,1000,500,15,11.25,49,3
0.7598299085708615,0.1677130856853572,0.27089627919896714,0.47148047671013293,0.07210631810046954,0.12375066584056035,1000,500,15,11.25,49,11
0.5989944525807814,0.14204003203560206,0.22359197909905967,0.3222073836954848,0.07580207918642248,0.12092953279154962,1000,500,15,11.25,49,19
0.5610379046466843,0.0870038227392343,,0.5311325311171387,0.1134437152586645,,1000,500,15,20.0,5,3
0.8315229872352728,0.13385136702094702,0.22527175463283708,0.6591406824978973,0.16003561204319003,0.2475061852594048,1000,500,15,20.0,5,11
0.788669689803902,0.12342948980418784,0.21145377481084926,0.6320682328254729,0.16161850138549888,0.2502041593947251,1000,500,15,20.0,5,19
0.8593325657807043,0.26061994814545286,0.3982049457474613,0.5262968461904854,0.18051603959166854,0.26845525269193976,1000,500,15,20.0,27,3
0.6119933784102254,0.1159962545726675,,0.13517047255012501,0.007413299056683368,,1000,500,15,20.0,27,11
0.9256410296587749,0.37852801008022846,0.5104516281334943,0.8245131328268847,0.22867440728495828,0.33811081920091063,1000,500,15,20.0,27,19
0.9520073364595898,0.4563791060948613,0.6153824784430174,0.7119335237592549,0.2957421570227236,0.4169959414887417,1000,500,15,20.0,49,3
0.8239594803526262,0.19319258011296733,,0.5631668005196512,0.08817771445886749,,1000,500,15,20.0,49,11
0.9306594301988195,0.2973034869451218,0.4492831425707706,0.7740091028267583,0.09012234766582507,0.16090440116786675,1000,500,15,20.0,49,19
0.7433309525077534,0.4700685944817828,0.5751618918560633,0.725383572952429,0.46471385752641564,0.565794945221101,1000,500,57,2.5,5,3
0.7687951532816073,0.5142157369473109,0.6151923141057576,0.7677867434460393,0.5159998321684687,0.616223531621987,1000,500,57,2.5,5,11
0.7209649543594264,0.4302739592661516,0.5370982238328854,0.7175880486640419,0.4285888138683591,0.5349269788485423,1000,500,57,2.5,5,19
0.5791626894176368,0.4308206282681672,0.49384996689446364,0.4798391524238138,0.3203771347319844,0.38400379029409526,1000,500,57,2.5,27,3
0.6092451899537557,0.5086771165831124,0.5541196982136901,0.5329990621124371,0.3922844894058922,0.4518197639711459,1000,500,57,2.5,27,11
0.6135992533173973,0.4713433223589531,0.5328040099738657,0.5447448465874764,0.371811059756276,0.44185077718229093,1000,500,57,2.5,27,19
0.6747461099429621,0.5214620225415915,0.5876209104425537,0.5300561796074335,0.367893440375139,0.4340502288876392,1000,500,57,2.5,49,3
0.6312390145188534,0.5368722618548022,0.5800792310856017,0.5286244049274251,0.39687677210832034,0.4528975375648976,1000,500,57,2.5,49,11
0.6150445535400738,0.4772798444836032,0.5368036568238093,0.4995337355568053,0.33628367666734016,0.4015928174115002,1000,500,57,2.5,49,19
0.5962436061222163,0.17278810229084324,0.26380292872272887,0.5510524767246414,0.15544493996274206,0.2379404514020636,1000,500,57,11.25,5,3
0.6939586346217341,0.1959248894693683,0.30370427969006447,0.6541169232156414,0.16923445653443972,0.26617706041628053,1000,500,57,11.25,5,11
0.6187505312860154,0.21375493655527666,0.31456916753823627,0.6044813326267579,0.19318000594559692,0.2904212950238168,1000,500,57,11.25,5,19
0.7877382028000283,0.3268705598104603,0.4614482309654224,0.6149925338941503,0.21415028794808888,0.3173954302244865,1000,500,57,11.25,27,3
0.789875113836328,0.2582970203655341,0.386387482113169,0.5371958925355451,0.12513819777378493,0.2012518092058583,1000,500,57,11.25,27,11
0.8177139513561094,0.3143898494455198,0.4536568329071866,0.6576160216415298,0.1839662677099273,0.28675477840655506,1000,500,57,11.25,27,19
0.7802270123247861,0.3656894208364178,0.49702384727824245,0.5639466402379583,0.24517906874885798,0.34107580803965887,1000,500,57,11.25,49,3
0.7759278294885785,0.27415097563354246,0.39973840486583434,0.5442902176302614,0.1486232385977227,0.23182864061800493,1000,500,57,11.25,49,11
0.7653413714279292,0.25574141369211384,0.38132885438126496,0.5071036134324828,0.11475444047212748,0.1853532418728807,1000,500,57,11.25,49,19
0.7369583438949463,0.10691271745358505,0.1860819765948521,0.680827640211561,0.08833856153630747,0.15560921080922088,1000,500,57,20.0,5,3
0.854292630700659,0.1704589683253039,0.2830299835967141,0.8011257481458636,0.16303254767468844,0.2688665637523577,1000,500,57,20.0,5,11
0.6325675858275429,0.08282295430704,0.14342504911949894,0.5322078076759128,0.058268106389729395,0.10332231303517166,1000,500,57,20.0,5,19
0.7709500279387217,0.2437709236556942,0.3692565901266312,0.5762402893928454,0.13681829575507973,0.21945893950768702,1000,500,57,20.0,27,3
0.9100340711216638,0.2882892805071013,0.4353506504890514,0.6475437881893497,0.17844376482275648,0.2774698522509873,1000,500,57,20.0,27,11
0.8677897017996788,0.26550875702533644,0.4030285733250881,0.6446308997995606,0.12233416390934328,0.1991318605002352,1000,500,57,20.0,27,19
0.8708941836353913,0.32368006066122423,0.46889050198416127,0.6170831647044835,0.20726287482454586,0.30920903256992505,1000,500,57,20.0,49,3
0.8897138544082325,0.2844815173808391,0.42391106184832056,0.6894661701130544,0.15733464960115606,0.2543780226812079,1000,500,57,20.0,49,11
0.9080467558050824,0.27972072235548207,0.4171657573276974,0.6412573217525779,0.11935172878217143,0.19539444280866244,1000,500,57,20.0,49,19
0.7939681073980007,0.5065309900095155,0.6170365895681611,0.7569419195164842,0.4964399481895965,0.5984765548328699,1000,500,99,2.5,5,3
0.7305745613607154,0.4879870338685365,0.5827984289653714,0.713781063147172,0.4835171275619566,0.5742040209516178,1000,500,99,2.5,5,11
0.7421094001936553,0.46654603038858294,0.5723113747765903,0.7285966057170146,0.4582922199582423,0.5620425703550836,1000,500,99,2.5,5,19
0.6232244420510443,0.48490613959227724,0.5449038713421342,0.5532043831967081,0.39497151949594156,0.4606470903147399,1000,500,99,2.5,27,3
0.6403093216478212,0.5586674511196689,0.5964377955104269,0.5768648399613924,0.45287186984836575,0.5071901680227942,1000,500,99,2.5,27,11
0.587991753081248,0.4913290681543458,0.5349533882429304,0.5572450537070593,0.4358415057641407,0.4887527813023589,1000,500,99,2.5,27,19
0.620805518186811,0.4982299652133122,0.5520463480004767,0.5278428031370035,0.38051659106635594,0.4416876016806823,1000,500,99,2.5,49,3
0.6549173752683863,0.5400021839843017,0.5916837401386044,0.541226370685797,0.4119349096587764,0.46763346858683247,1000,500,99,2.5,49,11
0.6241399447124261,0.5370604672687249,0.5770843866019781,0.5412499726155702,0.4012966177139257,0.46072638039493713,1000,500,99,2.5,49,19
0.6304581606411307,0.17449849629985992,0.2722319964918073,0.6291006929627244,0.15397557527291791,0.24544608357113623,1000,500,99,11.25,5,3
0.6660301366212832,0.20105132361913458,0.3075325521318962,0.6715299883953771,0.1879868233086883,0.29216974833458714,1000,500,99,11.25,5,11
0.700522119541125,0.19901141769601347,0.30857772448707527,0.6960329370006326,0.17744364646768998,0.28123964126785356,1000,500,99,11.25,5,19
0.6813465314452152,0.2513170643674716,0.36597739063888696,0.538294406102445,0.14227184284635042,0.22412420454585194,1000,500,99,11.25,27,3
0.791690207785778,0.26668454412259207,0.39756388902700246,0.603119692338124,0.14932432105382717,0.23847972216478827,1000,500,99,11.25,27,11
0.7769766500659258,0.29575653784601624,0.42765354042496867,0.6018817997950715,0.20278540860508645,0.30261763556157406,1000,500,99,11.25,27,19
0.7099348430586676,0.34561297284417164,0.46477722750308603,0.5154931297396778,0.22739597000407621,0.31407680512496833,1000,500,99,11.25,49,3
0.7938985854813986,0.2966389754252383,0.4305602477755295,0.5868607900306336,0.15134385616076318,0.2399595275838825,1000,500,99,11.25,49,11
0.8205142603668477,0.29208336318259653,0.42877247524584766,0.5566030851067565,0.1275652515113306,0.20618891938338973,1000,500,99,11.25,49,19
0.6656567196285287,0.1056775562917042,0.18189308585328837,0.6217453283361704,0.08718545037765746,0.15207305237717506,1000,500,99,20.0,5,3
0.657434841855161,0.13356236902258148,0.21693659650467872,0.6054918971798714,0.11502536314651848,0.18734702802439074,1000,500,99,20.0,5,11
0.5981218283880534,0.07705677592330382,0.1354078331034201,0.5339164272899262,0.056502410235019555,0.10075311172245102,1000,500,99,20.0,5,19
0.7691375176362797,0.2177961562482267,0.338045086281925,0.5536881269263995,0.12647143208463396,0.2048788055542521,1000,500,99,20.0,27,3
0.8358419236426567,0.20055017404282083,0.3204869918039156,0.5198811331477118,0.07966855907136108,0.13671673316182825,1000,500,99,20.0,27,11
0.865178090080994,0.22328731127820864,0.3528755452659822,0.6879116815253746,0.11047500106989766,0.18937106184670352,1000,500,99,20.0,27,19
0.8784597231354186,0.38969216773963283,0.5397106271115413,0.6650846078514572,0.2073412362666016,0.31524652332044284,1000,500,99,20.0,49,3
0.8912962884639861,0.26684570667837176,0.40849509361031644,0.5157048495189943,0.10098380231541881,0.16835913596258856,1000,500,99,20.0,49,11
0.9049012744512079,0.3060378863306017,0.45497341122915125,0.6162863406352037,0.15846211924046416,0.24943543241535693,1000,500,99,20.0,49,19
