Precision,Recall,F1 Score,Number of examples,Margin,Clauses,Specificity,Accumulation
0.649856087,0.481383234,0.552780697,100,50,15,2.5,10
0.598409744,0.508999487,0.548053483,100,50,15,2.5,31
0.591693231,0.432954249,0.498386892,100,50,15,2.5,52
0.612723489,0.469704818,0.530363278,100,50,15,2.5,73
0.615815589,0.154828908,0.243403203,100,50,15,8.333333333,10
0.71163784,0.262651949,0.377705136,100,50,15,8.333333333,31
0.74777891,0.311002103,0.432565181,100,50,15,8.333333333,52
0.700708722,0.297460154,0.414480841,100,50,15,8.333333333,73
0.651423107,0.096296696,0.162775767,100,50,15,14.16666667,10
0.716528229,0.218697481,0.331076704,100,50,15,14.16666667,31
0.55379853,0.162844059,,100,50,15,14.16666667,52
0.845233578,0.437024457,0.574627173,100,50,15,14.16666667,73
0.502921118,0.028154766,0.052282591,100,50,15,20,10
0.712429818,0.274095326,0.381228468,100,50,15,20,31
,,,100,50,15,20,52
0.868131126,0.360081075,0.503762887,100,50,15,20,73
0.629122859,0.347286071,0.447384051,100,50,93,2.5,10
0.526858489,0.440773372,0.479855972,100,50,93,2.5,31
0.556721576,0.456900235,0.501248768,100,50,93,2.5,52
0.617322042,0.470240136,0.533078498,100,50,93,2.5,73
0.613390326,0.086978619,0.151596387,100,50,93,8.333333333,10
0.691834493,0.212886394,0.322987638,100,50,93,8.333333333,31
0.67515004,0.248707986,0.360251456,100,50,93,8.333333333,52
0.731357324,0.280909023,0.404313813,100,50,93,8.333333333,73
0.673601542,0.089467716,0.156910768,100,50,93,14.16666667,10
0.697049944,0.187535276,0.294753437,100,50,93,14.16666667,31
0.714331074,0.201184377,0.312723311,100,50,93,14.16666667,52
0.737675199,0.254129307,0.376314248,100,50,93,14.16666667,73
0.591839656,0.048786885,0.089095882,100,50,93,20,10
0.718341329,0.152241629,0.245576801,100,50,93,20,31
0.773085496,0.189488889,0.301583871,100,50,93,20,52
0.73906593,0.203663082,0.317134862,100,50,93,20,73
0.614077366,0.302990935,0.405569727,100,50,171,2.5,10
0.559444419,0.346387931,0.427543679,100,50,171,2.5,31
0.519977376,0.389087789,0.444638904,100,50,171,2.5,52
0.553076325,0.417070967,0.475374139,100,50,171,2.5,73
0.63899471,0.102982676,0.176217208,100,50,171,8.333333333,10
0.6634516,0.168467903,0.266742011,100,50,171,8.333333333,31
0.644398238,0.229623207,0.337508167,100,50,171,8.333333333,52
0.657490881,0.230300628,0.340248747,100,50,171,8.333333333,73
0.677937539,0.065764489,0.118310773,100,50,171,14.16666667,10
0.738324427,0.202608958,0.317415917,100,50,171,14.16666667,31
0.671980108,0.21669208,0.325832766,100,50,171,14.16666667,52
0.710616239,0.243390279,0.361881435,100,50,171,14.16666667,73
0.651202016,0.051069366,0.093424916,100,50,171,20,10
0.656414057,0.128138305,0.211951687,100,50,171,20,31
0.710997588,0.187588972,0.292982996,100,50,171,20,52
0.755941271,0.213340975,0.330748287,100,50,171,20,73
0.568149629,0.200778607,0.295672753,100,50,249,2.5,10
0.514949471,0.333052747,0.4041126,100,50,249,2.5,31
0.49601695,0.341732581,0.404157664,100,50,249,2.5,52
0.529555801,0.356347309,0.425756661,100,50,249,2.5,73
0.580863605,0.065420652,0.117052913,100,50,249,8.333333333,10
0.594172219,0.139117349,0.223943432,100,50,249,8.333333333,31
0.601615677,0.190454965,0.288689077,100,50,249,8.333333333,52
0.596296885,0.216821328,0.316782642,100,50,249,8.333333333,73
0.629786098,0.060603825,0.110031382,100,50,249,14.16666667,10
0.695660878,0.146079974,0.240544862,100,50,249,14.16666667,31
0.71181209,0.18012056,0.284446033,100,50,249,14.16666667,52
0.7049554,0.22785892,0.342664518,100,50,249,14.16666667,73
0.656455863,0.049662754,0.092072745,100,50,249,20,10
0.683045329,0.117115457,0.198241783,100,50,249,20,31
0.713078032,0.176431326,0.281463292,100,50,249,20,52
0.732808812,0.188396219,0.298060426,100,50,249,20,73
0.706052899,0.57552987,0.633293959,100,200,15,2.5,10
0.64835636,0.435758136,0.516761001,100,200,15,2.5,31
0.657727149,0.455696875,0.531922716,100,200,15,2.5,52
0.614227465,0.515714857,0.559468381,100,200,15,2.5,73
0.729190754,0.258224656,0.373100203,100,200,15,8.333333333,10
0.649838462,0.343345324,0.441504696,100,200,15,8.333333333,31
0.723180093,0.289857827,0.39878862,100,200,15,8.333333333,52
0.722064557,0.363921843,0.464831204,100,200,15,8.333333333,73
0.685869891,0.149638788,0.236606385,100,200,15,14.16666667,10
0.706972955,0.142352055,0.227594189,100,200,15,14.16666667,31
0.730178607,0.198602963,0.295509351,100,200,15,14.16666667,52
0.701092654,0.204997571,,100,200,15,14.16666667,73
0.600401545,0.198563271,,100,200,15,20,10
0.774740856,0.255633331,0.357385335,100,200,15,20,31
0.789331744,0.310599392,0.434642947,100,200,15,20,52
0.824514411,0.42157123,0.541750182,100,200,15,20,73
0.584211066,0.420770949,0.488131408,100,200,93,2.5,10
0.575951686,0.451910172,0.505968534,100,200,93,2.5,31
0.562858073,0.453209379,0.501697063,100,200,93,2.5,52
0.582109997,0.458884856,0.512416353,100,200,93,2.5,73
0.690036638,0.196003416,0.301631022,100,200,93,8.333333333,10
0.698148679,0.283409499,0.40092473,100,200,93,8.333333333,31
0.722134739,0.352167123,0.47226015,100,200,93,8.333333333,52
0.776667701,0.317214463,0.446461324,100,200,93,8.333333333,73
0.610827071,0.100088151,0.167981917,100,200,93,14.16666667,10
0.715487307,0.231564736,0.344880786,100,200,93,14.16666667,31
0.749645846,0.288977626,0.412188423,100,200,93,14.16666667,52
0.785247752,0.270090919,0.39703945,100,200,93,14.16666667,73
0.61796692,0.093640888,0.159224791,100,200,93,20,10
0.723366626,0.217044547,0.327095393,100,200,93,20,31
0.72498013,0.256703919,0.370923725,100,200,93,20,52
0.841317981,0.289376479,0.424892707,100,200,93,20,73
0.535934352,0.3742763,0.439990012,100,200,171,2.5,10
0.574378537,0.458675695,0.50947443,100,200,171,2.5,31
0.603091085,0.485440183,0.536970681,100,200,171,2.5,52
0.572188545,0.491371622,0.528137398,100,200,171,2.5,73
0.606476645,0.115062455,0.19120897,100,200,171,8.333333333,10
0.670620297,0.230288977,0.341920142,100,200,171,8.333333333,31
0.689339195,0.271363451,0.386904497,100,200,171,8.333333333,52
0.679201808,0.314909586,0.428574267,100,200,171,8.333333333,73
0.685382357,0.10950817,0.186567363,100,200,171,14.16666667,10
0.720675436,0.21683213,0.33125512,100,200,171,14.16666667,31
0.746215148,0.249207208,0.367510104,100,200,171,14.16666667,52
0.767121495,0.270061839,0.394085893,100,200,171,14.16666667,73
0.695595323,0.104829823,0.179704448,100,200,171,20,10
0.785590689,0.20454183,0.3194513,100,200,171,20,31
0.761539201,0.237058367,0.356401482,100,200,171,20,52
0.737475943,0.240548184,0.360039689,100,200,171,20,73
0.608785954,0.395509689,0.47894342,100,200,249,2.5,10
0.584691158,0.450521183,0.508335225,100,200,249,2.5,31
0.523357651,0.455638044,0.486853415,100,200,249,2.5,52
0.541472604,0.464285967,0.499717397,100,200,249,2.5,73
0.623848458,0.12148023,0.202187059,100,200,249,8.333333333,10
0.671621954,0.257914803,0.37199499,100,200,249,8.333333333,31
0.670757808,0.261244453,0.373768257,100,200,249,8.333333333,52
0.71885881,0.297759023,0.419443461,100,200,249,8.333333333,73
0.636116242,0.101624586,0.173113016,100,200,249,14.16666667,10
0.696232148,0.170908159,0.271400937,100,200,249,14.16666667,31
0.731658518,0.234259685,0.352818113,100,200,249,14.16666667,52
0.767904621,0.269267917,0.395036846,100,200,249,14.16666667,73
0.737417518,0.100270542,0.175442349,100,200,249,20,10
0.700389787,0.153689372,0.248955269,100,200,249,20,31
0.739848036,0.205429471,0.318285395,100,200,249,20,52
0.73800771,0.261263625,0.383515337,100,200,249,20,73
0.579594445,0.47486244,0.518905346,100,350,15,2.5,10
0.645534256,0.508888056,0.565903296,100,350,15,2.5,31
0.650772992,0.453190944,0.530019511,100,350,15,2.5,52
0.627983753,0.544036746,0.580939698,100,350,15,2.5,73
0.673553177,0.265662267,0.378348184,100,350,15,8.333333333,10
0.84087684,0.328045501,,100,350,15,8.333333333,31
0.773283629,0.410944209,0.532709828,100,350,15,8.333333333,52
0.613141627,0.304194327,,100,350,15,8.333333333,73
0.617697529,0.103869442,,100,350,15,14.16666667,10
0.823594731,0.250765378,0.376028939,100,350,15,14.16666667,31
0.80571598,0.314397417,0.437046308,100,350,15,14.16666667,52
0.804417634,0.280084022,0.41427647,100,350,15,14.16666667,73
0.641952222,0.135942478,,100,350,15,20,10
0.841866574,0.423089418,0.530293291,100,350,15,20,31
0.694389946,0.221715148,0.313296896,100,350,15,20,52
0.877712053,0.376700139,0.498593463,100,350,15,20,73
0.622489899,0.455551639,0.524649823,100,350,93,2.5,10
0.596736263,0.434924263,0.50231326,100,350,93,2.5,31
0.571158865,0.477193112,0.518936995,100,350,93,2.5,52
0.579047665,0.472969738,0.519492838,100,350,93,2.5,73
0.643438417,0.185435991,0.285655007,100,350,93,8.333333333,10
0.68881127,0.278495779,0.391231441,100,350,93,8.333333333,31
0.725385281,0.338966669,0.457615298,100,350,93,8.333333333,52
0.73601864,0.325420598,0.446496887,100,350,93,8.333333333,73
0.70324194,0.119598526,0.199944525,100,350,93,14.16666667,10
0.74879719,0.271263254,0.392121411,100,350,93,14.16666667,31
0.813719915,0.381040732,0.516122693,100,350,93,14.16666667,52
0.80106702,0.292985249,0.419025311,100,350,93,14.16666667,73
0.716892735,0.123520076,0.206768787,100,350,93,20,10
0.748341646,0.252916096,0.366536556,100,350,93,20,31
0.819618882,0.312718056,0.436171021,100,350,93,20,52
0.813607676,0.313405357,0.443941357,100,350,93,20,73
0.597527403,0.452121626,0.51398462,100,350,171,2.5,10
0.569263629,0.468176599,0.513256338,100,350,171,2.5,31
0.560839936,0.469808247,0.511114624,100,350,171,2.5,52
0.588644813,0.485480764,0.531299023,100,350,171,2.5,73
0.644085629,0.152764005,0.244165274,100,350,171,8.333333333,10
0.668332355,0.262679143,0.374324616,100,350,171,8.333333333,31
0.686453712,0.26603824,0.380179283,100,350,171,8.333333333,52
0.682313149,0.341251306,0.453550278,100,350,171,8.333333333,73
0.684568081,0.133034858,0.219268184,100,350,171,14.16666667,10
0.693770102,0.232310146,0.340047249,100,350,171,14.16666667,31
0.784318491,0.323486354,0.455060228,100,350,171,14.16666667,52
0.77706097,0.309394681,0.436458258,100,350,171,14.16666667,73
0.686767152,0.117792029,0.196519672,100,350,171,20,10
0.769009795,0.230001068,0.34805166,100,350,171,20,31
0.792829257,0.283201658,0.413076444,100,350,171,20,52
0.821192422,0.247288879,0.371397977,100,350,171,20,73
0.59280991,0.42881551,0.497217797,100,350,249,2.5,10
0.562501355,0.462553112,0.50720505,100,350,249,2.5,31
0.562601729,0.465484974,0.509023673,100,350,249,2.5,52
0.579855101,0.472988019,0.520326432,100,350,249,2.5,73
0.605183049,0.138805673,0.224593729,100,350,249,8.333333333,10
0.674226037,0.232418136,0.344109393,100,350,249,8.333333333,31
0.680655478,0.272499936,0.386745863,100,350,249,8.333333333,52
0.682681926,0.295770884,0.410387596,100,350,249,8.333333333,73
0.667322383,0.10904825,0.184819851,100,350,249,14.16666667,10
0.74023917,0.21409296,0.328661816,100,350,249,14.16666667,31
0.726259873,0.260492504,0.379471223,100,350,249,14.16666667,52
0.787312681,0.297468575,0.429224698,100,350,249,14.16666667,73
0.657843273,0.094761858,0.163596001,100,350,249,20,10
0.738122835,0.206746663,0.318894091,100,350,249,20,31
0.778530135,0.254267198,0.378143304,100,350,249,20,52
0.781895191,0.257693757,0.383127862,100,350,249,20,73
0.616728996,0.582853298,0.598822742,100,500,15,2.5,10
0.708726272,0.518743623,0.59592943,100,500,15,2.5,31
0.708002836,0.523417411,0.591211166,100,500,15,2.5,52
0.674088581,0.519924856,0.583017895,100,500,15,2.5,73
0.659146192,0.207836576,0.306348225,100,500,15,8.333333333,10
0.762465017,0.416449837,0.51723753,100,500,15,8.333333333,31
0.723913413,0.387814272,0.495115185,100,500,15,8.333333333,52
0.820792811,0.39719673,0.499499847,100,500,15,8.333333333,73
0.645034362,0.138246985,0.215330927,100,500,15,14.16666667,10
0.838246407,0.361597934,0.483608618,100,500,15,14.16666667,31
0.81867533,0.314046832,0.430823715,100,500,15,14.16666667,52
0.876851869,0.459649085,0.572570541,100,500,15,14.16666667,73
0.609210378,0.072077765,0.12063355,100,500,15,20,10
0.79946454,0.382559855,0.490074921,100,500,15,20,31
0.832662118,0.391205613,0.504549713,100,500,15,20,52
0.791588115,0.195935966,,100,500,15,20,73
0.615034645,0.4321527,0.506482805,100,500,93,2.5,10
0.562624662,0.420279204,0.480394625,100,500,93,2.5,31
0.606148808,0.47744189,0.53295277,100,500,93,2.5,52
0.616422864,0.456482054,0.523556262,100,500,93,2.5,73
0.714355389,0.240011752,0.356412827,100,500,93,8.333333333,10
0.698215684,0.300797191,0.417031884,100,500,93,8.333333333,31
0.727199299,0.329472225,0.448154734,100,500,93,8.333333333,52
0.744096164,0.34328443,0.465444054,100,500,93,8.333333333,73
0.655821079,0.148112846,0.236560822,100,500,93,14.16666667,10
0.716119856,0.252961535,0.361776363,100,500,93,14.16666667,31
0.80208554,0.323332265,0.450755867,100,500,93,14.16666667,52
0.783546492,0.339785397,0.469273683,100,500,93,14.16666667,73
0.75531293,0.164084535,0.266321626,100,500,93,20,10
0.78778481,0.264852747,0.387872065,100,500,93,20,31
0.733114807,0.266102015,0.382062094,100,500,93,20,52
0.877725117,0.36318128,0.507263501,100,500,93,20,73
0.597251007,0.445638517,0.509570285,100,500,171,2.5,10
0.592026222,0.47141769,0.523877288,100,500,171,2.5,31
0.607769939,0.472944702,0.531204153,100,500,171,2.5,52
0.57489433,0.457744612,0.509067666,100,500,171,2.5,73
0.644441942,0.197374679,0.299288036,100,500,171,8.333333333,10
0.639458597,0.264804371,0.372175585,100,500,171,8.333333333,31
0.73237401,0.322444886,0.445527422,100,500,171,8.333333333,52
0.7372651,0.339706776,0.461327955,100,500,171,8.333333333,73
0.659796537,0.116589599,0.19495248,100,500,171,14.16666667,10
0.763110756,0.265575725,0.387288345,100,500,171,14.16666667,31
0.751070865,0.320589328,0.440147323,100,500,171,14.16666667,52
0.772594495,0.284605727,0.409572961,100,500,171,14.16666667,73
0.735938136,0.124409021,0.207657923,100,500,171,20,10
0.787562549,0.244298137,0.362105747,100,500,171,20,31
0.781851391,0.273083359,0.396885991,100,500,171,20,52
0.802433196,0.296800072,0.425990852,100,500,171,20,73
0.594512267,0.429033868,0.496406685,100,500,249,2.5,10
0.573686929,0.450398133,0.503731067,100,500,249,2.5,31
0.555169499,0.461537417,0.503188981,100,500,249,2.5,52
0.569295558,0.483326555,0.522369058,100,500,249,2.5,73
0.672981813,0.167406892,0.266377173,100,500,249,8.333333333,10
0.700893735,0.293276774,0.411317697,100,500,249,8.333333333,31
0.687836055,0.304623031,0.420697664,100,500,249,8.333333333,52
0.722707379,0.316303361,0.437796542,100,500,249,8.333333333,73
0.688814735,0.14622926,0.236702107,100,500,249,14.16666667,10
0.718418371,0.239911342,0.35644706,100,500,249,14.16666667,31
0.760280388,0.27904274,0.402718938,100,500,249,14.16666667,52
0.721603423,0.265653451,0.385613028,100,500,249,14.16666667,73
0.693058132,0.106754781,0.180537194,100,500,249,20,10
0.764555868,0.263128251,0.386282755,100,500,249,20,31
0.795665652,0.264477199,0.393267225,100,500,249,20,52
0.771324099,0.298225657,0.425056964,100,500,249,20,73
0.707549367,0.495472351,0.57724702,733,50,15,2.5,10
0.625094141,0.539426893,0.57838521,733,50,15,2.5,31
0.707458982,0.558243418,0.623598536,733,50,15,2.5,52
0.597222821,0.396565537,0.474735791,733,50,15,2.5,73
0.576353636,0.166525486,0.251028,733,50,15,8.333333333,10
0.660468646,0.218519306,0.322856249,733,50,15,8.333333333,31
0.77799366,0.349652403,0.476329283,733,50,15,8.333333333,52
0.714699105,0.314762402,0.431266983,733,50,15,8.333333333,73
0.680788436,0.180366795,0.284381689,733,50,15,14.16666667,10
0.705085329,0.226282643,0.340105493,733,50,15,14.16666667,31
0.689679418,0.195038339,0.298952612,733,50,15,14.16666667,52
0.816615574,0.232305017,0.348184323,733,50,15,14.16666667,73
0.708735707,0.1242407,,733,50,15,20,10
0.770213054,0.148592127,0.244804804,733,50,15,20,31
0.751014835,0.234131032,0.355398608,733,50,15,20,52
0.766621633,0.21079333,,733,50,15,20,73
0.642755365,0.506615549,0.566319018,733,50,93,2.5,10
0.568275326,0.441915113,0.496804564,733,50,93,2.5,31
0.585791942,0.494846183,0.536169444,733,50,93,2.5,52
0.596799882,0.491490926,0.538455309,733,50,93,2.5,73
0.517453958,0.161652493,0.245680616,733,50,93,8.333333333,10
0.601156445,0.212737187,0.313191201,733,50,93,8.333333333,31
0.638359553,0.267264966,0.376079989,733,50,93,8.333333333,52
0.693133503,0.300485431,0.417785952,733,50,93,8.333333333,73
0.606320742,0.16930975,0.263120012,733,50,93,14.16666667,10
0.650554799,0.206652576,0.312901387,733,50,93,14.16666667,31
0.649168793,0.220314073,0.328015081,733,50,93,14.16666667,52
0.747070318,0.308704119,0.43564694,733,50,93,14.16666667,73
0.592588885,0.104439362,0.175236704,733,50,93,20,10
0.703160768,0.162218416,0.261898786,733,50,93,20,31
0.747040122,0.197872614,0.309669021,733,50,93,20,52
0.720107253,0.232489745,0.349200312,733,50,93,20,73
0.589316132,0.338865268,0.429222403,733,50,171,2.5,10
0.548859618,0.417492569,0.473931988,733,50,171,2.5,31
0.541945274,0.4054743,0.463623904,733,50,171,2.5,52
0.552900799,0.455690883,0.499424574,733,50,171,2.5,73
0.541443751,0.136385731,0.216765379,733,50,171,8.333333333,10
0.623804229,0.250579644,0.357003193,733,50,171,8.333333333,31
0.575305862,0.220083502,0.317693675,733,50,171,8.333333333,52
0.614952446,0.294796291,0.397554397,733,50,171,8.333333333,73
0.525483748,0.09721791,0.163082137,733,50,171,14.16666667,10
0.619808922,0.166780349,0.261394251,733,50,171,14.16666667,31
0.662212649,0.20807543,0.315361382,733,50,171,14.16666667,52
0.718837749,0.273022752,0.394394402,733,50,171,14.16666667,73
0.541752069,0.080211023,0.139096912,733,50,171,20,10
0.653694502,0.165019532,0.262622323,733,50,171,20,31
0.71642108,0.208737046,0.321503686,733,50,171,20,52
0.7440724,0.242391496,0.36435567,733,50,171,20,73
0.516986871,0.260188352,0.345401985,733,50,249,2.5,10
0.524902904,0.392428289,0.449005467,733,50,249,2.5,31
0.528268093,0.388211197,0.447087886,733,50,249,2.5,52
0.51705268,0.39035834,0.444682558,733,50,249,2.5,73
0.518840625,0.13068611,0.207730359,733,50,249,8.333333333,10
0.511827213,0.173558656,0.257627318,733,50,249,8.333333333,31
0.577107774,0.233152728,0.331784002,733,50,249,8.333333333,52
0.577017598,0.255759727,0.354088996,733,50,249,8.333333333,73
0.532572946,0.087236832,0.149065108,733,50,249,14.16666667,10
0.589946379,0.146736842,0.233936857,733,50,249,14.16666667,31
0.648290945,0.201821925,0.307048974,733,50,249,14.16666667,52
0.6869041,0.234548631,0.348075656,733,50,249,14.16666667,73
0.585559494,0.078976934,0.13821351,733,50,249,20,10
0.65945249,0.158130885,0.254454459,733,50,249,20,31
0.681823485,0.198288169,0.305648805,733,50,249,20,52
0.761421433,0.230861651,0.35258946,733,50,249,20,73
0.561381881,0.271412094,0.362669167,733,200,15,2.5,10
0.576315973,0.452456311,0.50575714,733,200,15,2.5,31
0.631321453,0.439814535,0.514207871,733,200,15,2.5,52
0.659178981,0.469091083,0.546393348,733,200,15,2.5,73
0.639936955,0.194354285,0.297056276,733,200,15,8.333333333,10
0.749718741,0.314242797,0.44068918,733,200,15,8.333333333,31
0.740414383,0.419913484,0.533742558,733,200,15,8.333333333,52
0.666855719,0.281279848,,733,200,15,8.333333333,73
0.765304247,0.246378692,0.36716525,733,200,15,14.16666667,10
0.782979718,0.265785359,0.392384914,733,200,15,14.16666667,31
0.839243539,0.403518056,0.54372781,733,200,15,14.16666667,52
0.756730619,0.29973846,0.419919509,733,200,15,14.16666667,73
0.786595235,0.206455909,0.325242354,733,200,15,20,10
0.82001069,0.22098754,0.341925066,733,200,15,20,31
0.756243655,0.180033723,0.289020221,733,200,15,20,52
0.805208825,0.296415155,0.428438948,733,200,15,20,73
0.61026284,0.422074073,0.497865811,733,200,93,2.5,10
0.566663108,0.495881189,0.528550589,733,200,93,2.5,31
0.587731023,0.53322782,0.558687253,733,200,93,2.5,52
0.584851676,0.499995502,0.538731771,733,200,93,2.5,73
0.621784286,0.230094759,0.334766393,733,200,93,8.333333333,10
0.645162022,0.279552143,0.389575792,733,200,93,8.333333333,31
0.693777952,0.306417601,0.423394067,733,200,93,8.333333333,52
0.678436698,0.31127879,0.424809719,733,200,93,8.333333333,73
0.630849867,0.162941708,0.256755653,733,200,93,14.16666667,10
0.701875753,0.227157438,0.341827695,733,200,93,14.16666667,31
0.737543042,0.240751644,0.359361,733,200,93,14.16666667,52
0.721319312,0.276836342,0.393971879,733,200,93,14.16666667,73
0.712756238,0.185569027,0.293646077,733,200,93,20,10
0.720723147,0.166772675,0.267329721,733,200,93,20,31
0.831180159,0.287227987,0.424412694,733,200,93,20,52
0.766174652,0.237786208,0.356815632,733,200,93,20,73
0.580989308,0.399815912,0.472451127,733,200,171,2.5,10
0.583570158,0.489831564,0.532138834,733,200,171,2.5,31
0.59042465,0.502548587,0.542267536,733,200,171,2.5,52
0.580074869,0.480391058,0.525160369,733,200,171,2.5,73
0.575003033,0.210216041,0.306408084,733,200,171,8.333333333,10
0.651789384,0.276799164,0.38720623,733,200,171,8.333333333,31
0.682282223,0.277948583,0.393298961,733,200,171,8.333333333,52
0.701393769,0.311477843,0.429966089,733,200,171,8.333333333,73
0.601420381,0.130110107,0.212353087,733,200,171,14.16666667,10
0.680246282,0.229251408,0.341860954,733,200,171,14.16666667,31
0.737902795,0.282134632,0.407074778,733,200,171,14.16666667,52
0.747723317,0.259385756,0.382452424,733,200,171,14.16666667,73
0.65790749,0.137602336,0.226566031,733,200,171,20,10
0.723597416,0.217243104,0.333321535,733,200,171,20,31
0.778915212,0.234550475,0.358552237,733,200,171,20,52
0.770531773,0.249043111,0.373982892,733,200,171,20,73
0.56768386,0.374597512,0.45021484,733,200,249,2.5,10
0.573091167,0.450261685,0.503885448,733,200,249,2.5,31
0.568105959,0.487924176,0.524518138,733,200,249,2.5,52
0.570626892,0.486609128,0.524941407,733,200,249,2.5,73
0.549127356,0.177910227,0.268275146,733,200,249,8.333333333,10
0.649280463,0.268654376,0.378807067,733,200,249,8.333333333,31
0.658442214,0.288262289,0.400103524,733,200,249,8.333333333,52
0.661938527,0.299961946,0.411602775,733,200,249,8.333333333,73
0.61101874,0.141752257,0.229574072,733,200,249,14.16666667,10
0.667113776,0.209424693,0.318037522,733,200,249,14.16666667,31
0.726137635,0.252974255,0.374112654,733,200,249,14.16666667,52
0.76680307,0.282284735,0.411295376,733,200,249,14.16666667,73
0.639404095,0.134387455,0.221603935,733,200,249,20,10
0.736034428,0.194246019,0.306481896,733,200,249,20,31
0.727883841,0.204854526,0.318100138,733,200,249,20,52
0.776396532,0.245778142,0.371390619,733,200,249,20,73
0.594720327,0.430540749,0.493818446,733,350,15,2.5,10
0.601602512,0.435881058,0.504169199,733,350,15,2.5,31
0.646891686,0.494953859,0.559240932,733,350,15,2.5,52
0.61348557,0.462168905,0.5246866,733,350,15,2.5,73
0.693986084,0.295390513,0.410122358,733,350,15,8.333333333,10
0.721357806,0.370027881,0.476987191,733,350,15,8.333333333,31
0.699840241,0.271504356,0.383535622,733,350,15,8.333333333,52
0.762071197,0.280264383,0.402508036,733,350,15,8.333333333,73
0.654913752,0.196394751,0.296781288,733,350,15,14.16666667,10
0.820534403,0.287140191,0.416415178,733,350,15,14.16666667,31
0.837081019,0.356100083,,733,350,15,14.16666667,52
0.751382636,0.191250913,0.283774,733,350,15,14.16666667,73
0.720007487,0.185590665,0.289745824,733,350,15,20,10
0.667646345,0.184178844,0.280087268,733,350,15,20,31
0.702753447,0.292533879,,733,350,15,20,52
0.847011322,0.220279853,0.348823707,733,350,15,20,73
0.66246476,0.463603297,0.545065212,733,350,93,2.5,10
0.594841214,0.511349952,0.549062515,733,350,93,2.5,31
0.590877184,0.515923834,0.550485527,733,350,93,2.5,52
0.581758464,0.537093219,0.558108067,733,350,93,2.5,73
0.642052733,0.317070593,0.423962898,733,350,93,8.333333333,10
0.652864128,0.276293477,0.386482425,733,350,93,8.333333333,31
0.712287705,0.29868901,0.419147976,733,350,93,8.333333333,52
0.740804933,0.391877417,0.51031419,733,350,93,8.333333333,73
0.643714876,0.186559428,0.287681803,733,350,93,14.16666667,10
0.757412047,0.268652943,0.395830227,733,350,93,14.16666667,31
0.793981056,0.304435059,0.438278123,733,350,93,14.16666667,52
0.765592857,0.284812565,0.406818572,733,350,93,14.16666667,73
0.704342389,0.170755242,0.272183104,733,350,93,20,10
0.753498227,0.202874883,0.314122094,733,350,93,20,31
0.801050747,0.256434018,0.381784431,733,350,93,20,52
0.811781371,0.280340748,0.412602944,733,350,93,20,73
0.619586967,0.430993483,0.507475159,733,350,171,2.5,10
0.584376267,0.505611165,0.541726992,733,350,171,2.5,31
0.594393059,0.500879952,0.542998935,733,350,171,2.5,52
0.57888117,0.510757064,0.542175274,733,350,171,2.5,73
0.613951106,0.214655776,0.316916867,733,350,171,8.333333333,10
0.678853546,0.280063804,0.395889458,733,350,171,8.333333333,31
0.662433292,0.277216073,0.38951958,733,350,171,8.333333333,52
0.690457442,0.33847047,0.453322155,733,350,171,8.333333333,73
0.612592974,0.137731034,0.223353084,733,350,171,14.16666667,10
0.674209587,0.211945802,0.31983317,733,350,171,14.16666667,31
0.717394646,0.250636177,0.368652002,733,350,171,14.16666667,52
0.746472578,0.269483017,0.39255974,733,350,171,14.16666667,73
0.682172156,0.162304677,0.261277637,733,350,171,20,10
0.771431003,0.193086531,0.3058724,733,350,171,20,31
0.787796553,0.242212994,0.368994174,733,350,171,20,52
0.759257579,0.263536361,0.387421944,733,350,171,20,73
0.616074493,0.437954113,0.511834066,733,350,249,2.5,10
0.593847065,0.503840542,0.544667649,733,350,249,2.5,31
0.569839823,0.497680385,0.530879156,733,350,249,2.5,52
0.578853558,0.524180353,0.549729217,733,350,249,2.5,73
0.593553875,0.203569602,0.302242659,733,350,249,8.333333333,10
0.650005156,0.265768612,0.376136076,733,350,249,8.333333333,31
0.650686357,0.268793621,0.379004701,733,350,249,8.333333333,52
0.677945571,0.306749384,0.421063973,733,350,249,8.333333333,73
0.614744012,0.155918644,0.24807481,733,350,249,14.16666667,10
0.678430285,0.209058133,0.317963918,733,350,249,14.16666667,31
0.73611111,0.254703477,0.377635561,733,350,249,14.16666667,52
0.727929289,0.275916443,0.397900697,733,350,249,14.16666667,73
0.635324559,0.127754506,0.211718445,733,350,249,20,10
0.739372197,0.181332941,0.288672867,733,350,249,20,31
0.763868714,0.215576957,0.333523962,733,350,249,20,52
0.772855072,0.222442325,0.342435832,733,350,249,20,73
0.606376429,0.488610254,0.536507656,733,500,15,2.5,10
0.636228763,0.447587367,0.522875424,733,500,15,2.5,31
0.613132251,0.472101184,0.532721155,733,500,15,2.5,52
0.551899412,0.438942928,0.487276991,733,500,15,2.5,73
0.73410008,0.256373128,0.375283578,733,500,15,8.333333333,10
0.744020569,0.351206842,0.473319675,733,500,15,8.333333333,31
0.714629632,0.278839102,0.390721635,733,500,15,8.333333333,52
0.725415595,0.301131954,0.422434006,733,500,15,8.333333333,73
0.713803624,0.213405415,0.325146686,733,500,15,14.16666667,10
0.826823649,0.318084182,0.450614688,733,500,15,14.16666667,31
0.746999371,0.250926756,0.368287143,733,500,15,14.16666667,52
0.858579391,0.272876426,0.406609209,733,500,15,14.16666667,73
0.745656503,0.229096862,0.342152066,733,500,15,20,10
0.708951586,0.218761253,0.321291919,733,500,15,20,31
0.563991082,0.312660178,,733,500,15,20,52
0.822449715,0.331918283,0.444864031,733,500,15,20,73
0.611044988,0.405767627,0.486297451,733,500,93,2.5,10
0.60469334,0.511419019,0.553341878,733,500,93,2.5,31
0.592264071,0.514544807,0.550125672,733,500,93,2.5,52
0.594610493,0.512949139,0.549731599,733,500,93,2.5,73
0.646047043,0.323662545,0.43056662,733,500,93,8.333333333,10
0.652575071,0.263034807,0.372448868,733,500,93,8.333333333,31
0.685965571,0.302261021,0.416841145,733,500,93,8.333333333,52
0.689179391,0.307442728,0.423188864,733,500,93,8.333333333,73
0.678634178,0.219710236,0.330213114,733,500,93,14.16666667,10
0.71825789,0.21415951,0.326276494,733,500,93,14.16666667,31
0.760359067,0.242169867,0.362500785,733,500,93,14.16666667,52
0.800060295,0.335563306,0.469697656,733,500,93,14.16666667,73
0.697176496,0.173343719,0.274073322,733,500,93,20,10
0.781817265,0.230491548,0.351463209,733,500,93,20,31
0.830274303,0.256145507,0.387125018,733,500,93,20,52
0.849725501,0.302626283,0.440420499,733,500,93,20,73
0.64082352,0.459727228,0.534595225,733,500,171,2.5,10
0.580749375,0.506533619,0.540589207,733,500,171,2.5,31
0.612666866,0.538780701,0.572769957,733,500,171,2.5,52
0.583874255,0.526141137,0.55312984,733,500,171,2.5,73
0.638783514,0.274704632,0.383652962,733,500,171,8.333333333,10
0.663739564,0.275643003,0.387894748,733,500,171,8.333333333,31
0.673296083,0.30924212,0.422662667,733,500,171,8.333333333,52
0.705898592,0.331088787,0.449110462,733,500,171,8.333333333,73
0.639184888,0.184073543,0.284735814,733,500,171,14.16666667,10
0.707739424,0.214000548,0.326456379,733,500,171,14.16666667,31
0.707653475,0.226811268,0.339022328,733,500,171,14.16666667,52
0.746409112,0.259499399,0.381400216,733,500,171,14.16666667,73
0.680416087,0.149041289,0.243458506,733,500,171,20,10
0.74694122,0.187508684,0.295975999,733,500,171,20,31
0.794587855,0.228134391,0.348587271,733,500,171,20,52
0.802128352,0.244853691,0.370876612,733,500,171,20,73
0.618773133,0.437017343,0.511987709,733,500,249,2.5,10
0.592286729,0.529916341,0.558837244,733,500,249,2.5,31
0.592827103,0.482596077,0.531401541,733,500,249,2.5,52
0.588865705,0.508434924,0.545256708,733,500,249,2.5,73
0.621280523,0.228128564,0.332710862,733,500,249,8.333333333,10
0.655042185,0.277908547,0.389354501,733,500,249,8.333333333,31
0.687603012,0.289984891,0.406300426,733,500,249,8.333333333,52
0.700408832,0.338274001,0.45444411,733,500,249,8.333333333,73
0.643529213,0.167216487,0.264002158,733,500,249,14.16666667,10
0.696424841,0.226000417,0.339787896,733,500,249,14.16666667,31
0.728851439,0.242518778,0.361649367,733,500,249,14.16666667,52
0.72648852,0.245696489,0.363481144,733,500,249,14.16666667,73
0.709932082,0.185257575,0.293300868,733,500,249,20,10
0.772133884,0.208128289,0.325844967,733,500,249,20,31
0.781012476,0.223207212,0.34275876,733,500,249,20,52
0.759004512,0.266430004,0.388923523,733,500,249,20,73
0.693591038,0.579271902,0.63081,1366,50,15,2.5,10
0.689596376,0.510670584,0.583748863,1366,50,15,2.5,31
0.694275447,0.577055481,0.628935632,1366,50,15,2.5,52
0.639399325,0.551764636,0.592172345,1366,50,15,2.5,73
0.718768122,0.292809842,0.412527286,1366,50,15,8.333333333,10
0.760718521,0.313237515,0.439646731,1366,50,15,8.333333333,31
0.762472528,0.429005281,0.547061197,1366,50,15,8.333333333,52
0.742727467,0.428153626,0.539994533,1366,50,15,8.333333333,73
0.712818175,0.284018715,0.405069659,1366,50,15,14.16666667,10
0.7691229,0.255435244,0.377912532,1366,50,15,14.16666667,31
0.821846299,0.358639037,0.495290061,1366,50,15,14.16666667,52
0.825826608,0.335196272,0.47475125,1366,50,15,14.16666667,73
0.593178226,0.171454403,0.261648133,1366,50,15,20,10
0.769289348,0.236201023,0.35796929,1366,50,15,20,31
0.816779481,0.278160959,0.412227907,1366,50,15,20,52
0.722946492,0.160242314,0.257790438,1366,50,15,20,73
0.685223744,0.467774041,0.555442467,1366,50,93,2.5,10
0.621822238,0.512404919,0.561728525,1366,50,93,2.5,31
0.612767967,0.481152603,0.538211685,1366,50,93,2.5,52
0.591377607,0.498619387,0.540443544,1366,50,93,2.5,73
0.639301955,0.230554241,0.338355206,1366,50,93,8.333333333,10
0.673992269,0.279079552,0.394317655,1366,50,93,8.333333333,31
0.690056193,0.303900497,0.420729443,1366,50,93,8.333333333,52
0.734894445,0.319772113,0.443699585,1366,50,93,8.333333333,73
0.583376639,0.149990562,0.23800076,1366,50,93,14.16666667,10
0.687611265,0.217447698,0.329002599,1366,50,93,14.16666667,31
0.668893339,0.244088559,0.356099227,1366,50,93,14.16666667,52
0.737345594,0.285583983,0.410509161,1366,50,93,14.16666667,73
0.618235465,0.142139432,0.229564262,1366,50,93,20,10
0.670002235,0.160743191,0.256385908,1366,50,93,20,31
0.719560202,0.216325076,0.330430334,1366,50,93,20,52
0.807040506,0.29177329,0.427550389,1366,50,93,20,73
0.582706403,0.33493199,0.425100852,1366,50,171,2.5,10
0.530911695,0.385176494,0.446005388,1366,50,171,2.5,31
0.570389444,0.44675766,0.500730918,1366,50,171,2.5,52
0.569822074,0.435815056,0.493466426,1366,50,171,2.5,73
0.54976305,0.166188757,0.255100518,1366,50,171,8.333333333,10
0.506170864,0.196569205,0.282135678,1366,50,171,8.333333333,31
0.622545331,0.244010052,0.349535467,1366,50,171,8.333333333,52
0.605756742,0.254610019,0.35783689,1366,50,171,8.333333333,73
0.565951368,0.118794464,0.195841452,1366,50,171,14.16666667,10
0.569171099,0.16221088,0.251774889,1366,50,171,14.16666667,31
0.618786762,0.20858772,0.310438112,1366,50,171,14.16666667,52
0.682754479,0.256138662,0.371635309,1366,50,171,14.16666667,73
0.589205222,0.095679241,0.163685934,1366,50,171,20,10
0.616856484,0.14693084,0.235845167,1366,50,171,20,31
0.699203785,0.184426968,0.289937595,1366,50,171,20,52
0.734983526,0.239892804,0.360587753,1366,50,171,20,73
0.525193149,0.311533464,0.391000087,1366,50,249,2.5,10
0.499814906,0.353420128,0.41396579,1366,50,249,2.5,31
0.523166842,0.407588387,0.457971546,1366,50,249,2.5,52
0.542043173,0.414734947,0.469410256,1366,50,249,2.5,73
0.488525476,0.14760799,0.225979577,1366,50,249,8.333333333,10
0.520104158,0.169602962,0.25522915,1366,50,249,8.333333333,31
0.570798661,0.217221142,0.313265022,1366,50,249,8.333333333,52
0.623321982,0.269423129,0.375665546,1366,50,249,8.333333333,73
0.499318079,0.100337993,0.166407252,1366,50,249,14.16666667,10
0.581567023,0.167377256,0.259514756,1366,50,249,14.16666667,31
0.613729381,0.194348594,0.293812428,1366,50,249,14.16666667,52
0.69926913,0.250670105,0.368332008,1366,50,249,14.16666667,73
0.506228059,0.075963973,0.131573358,1366,50,249,20,10
0.596200785,0.155131668,0.245682687,1366,50,249,20,31
0.70090263,0.209190159,0.320616461,1366,50,249,20,52
0.738819572,0.223094898,0.340831542,1366,50,249,20,73
0.705414984,0.489335412,0.571688207,1366,200,15,2.5,10
0.604870621,0.394072175,0.472956978,1366,200,15,2.5,31
0.672368931,0.544356907,0.60125772,1366,200,15,2.5,52
0.600490061,0.542538321,0.569709728,1366,200,15,2.5,73
0.726580138,0.325203677,0.447210299,1366,200,15,8.333333333,10
0.659643619,0.292497842,0.401912558,1366,200,15,8.333333333,31
0.713553058,0.305264579,0.422482356,1366,200,15,8.333333333,52
0.721467886,0.286333381,0.40920814,1366,200,15,8.333333333,73
0.723726319,0.165086056,0.264254617,1366,200,15,14.16666667,10
0.733263687,0.257746968,0.377082261,1366,200,15,14.16666667,31
0.785287675,0.271482668,0.399003727,1366,200,15,14.16666667,52
0.73037803,0.262540789,0.381897707,1366,200,15,14.16666667,73
0.638819459,0.144456924,0.233553032,1366,200,15,20,10
0.736955513,0.22525391,0.337294564,1366,200,15,20,31
0.752164989,0.296755114,0.412285002,1366,200,15,20,52
0.808089815,0.260257596,,1366,200,15,20,73
0.646148187,0.456051325,0.53406246,1366,200,93,2.5,10
0.604789728,0.525926046,0.561821404,1366,200,93,2.5,31
0.584937951,0.499302986,0.538387164,1366,200,93,2.5,52
0.626790735,0.528830317,0.572884708,1366,200,93,2.5,73
0.641625323,0.274499863,0.383193429,1366,200,93,8.333333333,10
0.639761832,0.256941715,0.36551728,1366,200,93,8.333333333,31
0.702246495,0.318299147,0.43702245,1366,200,93,8.333333333,52
0.670529031,0.29393902,0.406931367,1366,200,93,8.333333333,73
0.627693337,0.179084166,0.278512662,1366,200,93,14.16666667,10
0.646521288,0.218121596,0.324142203,1366,200,93,14.16666667,31
0.771575648,0.294238941,0.424266784,1366,200,93,14.16666667,52
0.748884309,0.27637816,0.40139036,1366,200,93,14.16666667,73
0.653353276,0.165870001,0.26393576,1366,200,93,20,10
0.652918131,0.179795187,0.280409795,1366,200,93,20,31
0.741128096,0.221273457,0.336543249,1366,200,93,20,52
0.75508797,0.2241829,0.343066738,1366,200,93,20,73
0.607452738,0.383346053,0.468551991,1366,200,171,2.5,10
0.579749163,0.486204153,0.528350257,1366,200,171,2.5,31
0.575939761,0.518674609,0.545133797,1366,200,171,2.5,52
0.580821949,0.511874117,0.543798836,1366,200,171,2.5,73
0.546483294,0.207356313,0.299693539,1366,200,171,8.333333333,10
0.662940693,0.294392133,0.406827131,1366,200,171,8.333333333,31
0.691455176,0.309176316,0.425821272,1366,200,171,8.333333333,52
0.677413592,0.310589595,0.425090292,1366,200,171,8.333333333,73
0.558398793,0.154673393,0.241422338,1366,200,171,14.16666667,10
0.673885154,0.223536334,0.333496324,1366,200,171,14.16666667,31
0.676546582,0.230838732,0.343077356,1366,200,171,14.16666667,52
0.714534014,0.243758,0.361302634,1366,200,171,14.16666667,73
0.593830963,0.136541902,0.221379525,1366,200,171,20,10
0.723581288,0.220996473,0.337600054,1366,200,171,20,31
0.754998336,0.225830762,0.345346398,1366,200,171,20,52
0.769787288,0.256845753,0.383775457,1366,200,171,20,73
0.612516655,0.447533946,0.517077908,1366,200,249,2.5,10
0.5765765,0.478778219,0.522882199,1366,200,249,2.5,31
0.571266345,0.507952058,0.537449502,1366,200,249,2.5,52
0.582740658,0.485865551,0.529559406,1366,200,249,2.5,73
0.527897263,0.190234297,0.278858139,1366,200,249,8.333333333,10
0.613990198,0.254469316,0.358818212,1366,200,249,8.333333333,31
0.676634118,0.303769201,0.418556224,1366,200,249,8.333333333,52
0.681373913,0.309223363,0.423954465,1366,200,249,8.333333333,73
0.561960897,0.16154863,0.249855701,1366,200,249,14.16666667,10
0.644584285,0.200545936,0.304492986,1366,200,249,14.16666667,31
0.736663926,0.272631404,0.396908893,1366,200,249,14.16666667,52
0.692066718,0.248556595,0.36416517,1366,200,249,14.16666667,73
0.588655032,0.137408754,0.221950707,1366,200,249,20,10
0.680711116,0.190829378,0.297630765,1366,200,249,20,31
0.700582527,0.199501048,0.308660952,1366,200,249,20,52
0.760815961,0.242520417,0.3653505,1366,200,249,20,73
0.640101774,0.476221309,0.545281101,1366,350,15,2.5,10
0.596356282,0.455579425,0.514333678,1366,350,15,2.5,31
0.539905642,0.451450371,0.491141085,1366,350,15,2.5,52
0.690160626,0.539869656,0.604174823,1366,350,15,2.5,73
0.675229644,0.313629014,0.424937626,1366,350,15,8.333333333,10
0.657944959,0.254047005,0.35674499,1366,350,15,8.333333333,31
0.703857824,0.365484682,0.479918832,1366,350,15,8.333333333,52
0.673857401,0.321063081,,1366,350,15,8.333333333,73
0.814541412,0.273299748,0.408291766,1366,350,15,14.16666667,10
0.763919191,0.27477977,0.400795488,1366,350,15,14.16666667,31
0.745132853,0.229082911,0.337723199,1366,350,15,14.16666667,52
0.767806951,0.307831241,0.435169784,1366,350,15,14.16666667,73
0.70922097,0.217917392,0.326202821,1366,350,15,20,10
0.78582044,0.261928836,0.389686345,1366,350,15,20,31
0.749716145,0.158660713,0.260484305,1366,350,15,20,52
0.841756583,0.171481783,0.284384308,1366,350,15,20,73
0.598643756,0.428105035,0.498568183,1366,350,93,2.5,10
0.589451291,0.485169853,0.531868602,1366,350,93,2.5,31
0.599062857,0.537782593,0.566395028,1366,350,93,2.5,52
0.610306018,0.542574897,0.573790901,1366,350,93,2.5,73
0.638103823,0.284159187,0.392711059,1366,350,93,8.333333333,10
0.644329584,0.326548507,0.432609569,1366,350,93,8.333333333,31
0.676035124,0.321151996,0.434685958,1366,350,93,8.333333333,52
0.676582243,0.317397707,0.430188834,1366,350,93,8.333333333,73
0.627161809,0.178604783,0.276838076,1366,350,93,14.16666667,10
0.689695064,0.234002603,0.347888649,1366,350,93,14.16666667,31
0.714414174,0.250336408,0.365571961,1366,350,93,14.16666667,52
0.746178764,0.243202615,0.362842494,1366,350,93,14.16666667,73
0.66601402,0.194325071,0.299740709,1366,350,93,20,10
0.709937767,0.163904776,0.262355081,1366,350,93,20,31
0.787294771,0.263725043,0.390608837,1366,350,93,20,52
0.808784504,0.276716441,0.410199342,1366,350,93,20,73
0.607346575,0.412728866,0.490478079,1366,350,171,2.5,10
0.597171283,0.5301898,0.561143417,1366,350,171,2.5,31
0.60402114,0.502914827,0.548131906,1366,350,171,2.5,52
0.570439116,0.523584842,0.545679379,1366,350,171,2.5,73
0.591304678,0.266019926,0.365593704,1366,350,171,8.333333333,10
0.653062389,0.265462228,0.376507298,1366,350,171,8.333333333,31
0.679208437,0.301350449,0.416227936,1366,350,171,8.333333333,52
0.69263781,0.324386796,0.440829361,1366,350,171,8.333333333,73
0.624595867,0.20126137,0.303688936,1366,350,171,14.16666667,10
0.702200958,0.242787156,0.359977516,1366,350,171,14.16666667,31
0.716752729,0.232622942,0.349581176,1366,350,171,14.16666667,52
0.741001975,0.284826376,0.409302234,1366,350,171,14.16666667,73
0.632918769,0.162423323,0.257647685,1366,350,171,20,10
0.704294374,0.202084556,0.312157769,1366,350,171,20,31
0.758194512,0.234104001,0.355936375,1366,350,171,20,52
0.781221318,0.226243243,0.346879335,1366,350,171,20,73
0.606415359,0.410262753,0.488828948,1366,350,249,2.5,10
0.59683492,0.520637577,0.555798111,1366,350,249,2.5,31
0.572922885,0.508273986,0.537950477,1366,350,249,2.5,52
0.583480446,0.503872276,0.540307045,1366,350,249,2.5,73
0.549529405,0.214229431,0.307792165,1366,350,249,8.333333333,10
0.640528627,0.27042099,0.379554093,1366,350,249,8.333333333,31
0.664446289,0.303612911,0.415485047,1366,350,249,8.333333333,52
0.668525504,0.331332471,0.441881567,1366,350,249,8.333333333,73
0.580726044,0.170350333,0.262712513,1366,350,249,14.16666667,10
0.699341885,0.23679026,0.352618718,1366,350,249,14.16666667,31
0.7279269,0.23912702,0.358545724,1366,350,249,14.16666667,52
0.731219171,0.282180511,0.40546103,1366,350,249,14.16666667,73
0.652633576,0.179340785,0.281090575,1366,350,249,20,10
0.717961978,0.18792815,0.296723847,1366,350,249,20,31
0.749442301,0.223239136,0.3420169,1366,350,249,20,52
0.767792669,0.242893108,0.366759903,1366,350,249,20,73
0.654616195,0.536295803,0.589429915,1366,500,15,2.5,10
0.556084472,0.39321568,0.459752073,1366,500,15,2.5,31
0.575970322,0.443067155,0.500045271,1366,500,15,2.5,52
0.604072811,0.514210155,0.554694322,1366,500,15,2.5,73
0.691891292,0.266747495,0.381492537,1366,500,15,8.333333333,10
0.712028066,0.317931554,0.432980072,1366,500,15,8.333333333,31
0.619092748,0.244265983,0.34518992,1366,500,15,8.333333333,52
0.702601327,0.282838687,0.399132635,1366,500,15,8.333333333,73
0.697936723,0.212933121,0.315084603,1366,500,15,14.16666667,10
0.807869612,0.250401199,0.372089444,1366,500,15,14.16666667,31
0.739587397,0.176960376,0.281749955,1366,500,15,14.16666667,52
0.719686278,0.324000017,,1366,500,15,14.16666667,73
0.728278478,0.160711306,0.260828635,1366,500,15,20,10
0.770319536,0.174214257,0.278999685,1366,500,15,20,31
0.684412271,0.299306306,0.393704853,1366,500,15,20,52
0.662116753,0.119352474,0.199848857,1366,500,15,20,73
0.639497524,0.481006281,0.548438306,1366,500,93,2.5,10
0.5690243,0.467360327,0.512521315,1366,500,93,2.5,31
0.595584875,0.522028497,0.555963819,1366,500,93,2.5,52
0.571392855,0.56154363,0.566127801,1366,500,93,2.5,73
0.6170698,0.28683196,0.390416625,1366,500,93,8.333333333,10
0.623952456,0.275607585,0.381095233,1366,500,93,8.333333333,31
0.654303433,0.284766702,0.395197474,1366,500,93,8.333333333,52
0.710320126,0.324399444,0.444077439,1366,500,93,8.333333333,73
0.671213775,0.207621148,0.315784651,1366,500,93,14.16666667,10
0.690407395,0.188157554,0.293796589,1366,500,93,14.16666667,31
0.761766565,0.28474298,0.41219279,1366,500,93,14.16666667,52
0.76675165,0.295047457,0.423349623,1366,500,93,14.16666667,73
0.732940551,0.203462771,0.317171414,1366,500,93,20,10
0.760803395,0.225490052,0.344506749,1366,500,93,20,31
0.77272555,0.205352096,0.321856538,1366,500,93,20,52
0.793908983,0.251744417,0.379346171,1366,500,93,20,73
0.627597134,0.447413325,0.521197887,1366,500,171,2.5,10
0.586628658,0.516679399,0.548957827,1366,500,171,2.5,31
0.571358038,0.528175152,0.548420449,1366,500,171,2.5,52
0.588742668,0.527314354,0.555645419,1366,500,171,2.5,73
0.590560605,0.245597983,0.345522011,1366,500,171,8.333333333,10
0.661262835,0.274118545,0.386539047,1366,500,171,8.333333333,31
0.690058379,0.318005412,0.434340592,1366,500,171,8.333333333,52
0.693818742,0.320324945,0.43667949,1366,500,171,8.333333333,73
0.61287127,0.18988576,0.288375938,1366,500,171,14.16666667,10
0.68161216,0.210684518,0.320248544,1366,500,171,14.16666667,31
0.711244882,0.231836001,0.346720293,1366,500,171,14.16666667,52
0.725331138,0.249128133,0.369039813,1366,500,171,14.16666667,73
0.683379058,0.164188203,0.263540752,1366,500,171,20,10
0.739968824,0.183140867,0.290795416,1366,500,171,20,31
0.758042818,0.225764635,0.344819192,1366,500,171,20,52
0.806115817,0.23111388,0.355613546,1366,500,171,20,73
0.59928012,0.394859435,0.4747479,1366,500,249,2.5,10
0.597094475,0.498860709,0.54323232,1366,500,249,2.5,31
0.606809613,0.510838416,0.5542451,1366,500,249,2.5,52
0.580077529,0.518514261,0.547176671,1366,500,249,2.5,73
0.593505008,0.236637906,0.337683121,1366,500,249,8.333333333,10
0.670653888,0.287077211,0.401346828,1366,500,249,8.333333333,31
0.680130913,0.307044218,0.421886636,1366,500,249,8.333333333,52
0.699913388,0.33495875,0.452128623,1366,500,249,8.333333333,73
0.624129569,0.196608124,0.298111164,1366,500,249,14.16666667,10
0.678425786,0.202375141,0.309988923,1366,500,249,14.16666667,31
0.698140792,0.221436204,0.333621466,1366,500,249,14.16666667,52
0.727256269,0.278444996,0.400786669,1366,500,249,14.16666667,73
0.653905104,0.160394675,0.257083102,1366,500,249,20,10
0.717042793,0.186263716,0.294448771,1366,500,249,20,31
0.721063887,0.19996853,0.309610193,1366,500,249,20,52
0.781761196,0.23608393,0.358314402,1366,500,249,20,73
0.732080692,0.571317136,0.641170201,1999,50,15,2.5,10
0.772513881,0.5834235,0.663295241,1999,50,15,2.5,31
0.673213128,0.529438187,0.591412443,1999,50,15,2.5,52
0.742304154,0.618087866,0.673884665,1999,50,15,2.5,73
0.720335686,0.18229538,0.283988238,1999,50,15,8.333333333,10
0.750474366,0.317368927,0.438855263,1999,50,15,8.333333333,31
0.846368712,0.50181655,0.628519856,1999,50,15,8.333333333,52
0.817174107,0.465974601,0.590953622,1999,50,15,8.333333333,73
0.755864531,0.248918909,0.373219765,1999,50,15,14.16666667,10
0.771775438,0.251692006,0.374354515,1999,50,15,14.16666667,31
0.780616832,0.363625302,0.493734558,1999,50,15,14.16666667,52
0.779477186,0.366286734,0.495268557,1999,50,15,14.16666667,73
0.656492278,0.203448437,,1999,50,15,20,10
0.79958272,0.479170925,0.597726881,1999,50,15,20,31
0.871282104,0.272044084,0.39962987,1999,50,15,20,52
0.828079028,0.224869336,0.35246506,1999,50,15,20,73
0.722311461,0.56882898,0.636336758,1999,50,93,2.5,10
0.630941134,0.492151739,0.552350045,1999,50,93,2.5,31
0.620897919,0.494705476,0.550197663,1999,50,93,2.5,52
0.600461422,0.49571343,0.542773349,1999,50,93,2.5,73
0.632559697,0.27453528,0.381303877,1999,50,93,8.333333333,10
0.702905894,0.274311787,0.394087184,1999,50,93,8.333333333,31
0.649961158,0.308423737,0.417921608,1999,50,93,8.333333333,52
0.725903958,0.325210401,0.448319902,1999,50,93,8.333333333,73
0.620386188,0.165607912,0.26016242,1999,50,93,14.16666667,10
0.656652284,0.186734834,0.289484295,1999,50,93,14.16666667,31
0.711042741,0.23610388,0.352217635,1999,50,93,14.16666667,52
0.732486706,0.290359352,0.414829477,1999,50,93,14.16666667,73
0.686580287,0.183852175,0.28913893,1999,50,93,20,10
0.700616814,0.213067266,0.325787588,1999,50,93,20,31
0.730594073,0.198332648,0.309560078,1999,50,93,20,52
0.750371005,0.255997581,0.381096361,1999,50,93,20,73
0.586250524,0.37875695,0.459932683,1999,50,171,2.5,10
0.552040104,0.402484925,0.465368217,1999,50,171,2.5,31
0.570134789,0.433602117,0.492371957,1999,50,171,2.5,52
0.578632006,0.462858897,0.514087476,1999,50,171,2.5,73
0.572405357,0.206484301,0.302403322,1999,50,171,8.333333333,10
0.507242872,0.184526685,0.270188293,1999,50,171,8.333333333,31
0.606244382,0.249579238,0.352330599,1999,50,171,8.333333333,52
0.655073121,0.288484134,0.398125424,1999,50,171,8.333333333,73
0.575836639,0.160959532,0.250931263,1999,50,171,14.16666667,10
0.570448517,0.170484962,0.260488033,1999,50,171,14.16666667,31
0.696472736,0.246950941,0.364052537,1999,50,171,14.16666667,52
0.725480948,0.27596277,0.398372921,1999,50,171,14.16666667,73
0.479564991,0.088347361,0.147859669,1999,50,171,20,10
0.581917576,0.156033891,0.24516105,1999,50,171,20,31
0.648622616,0.181596309,0.282740741,1999,50,171,20,52
0.707779098,0.203454997,0.31428753,1999,50,171,20,73
0.508843214,0.290696742,0.369260905,1999,50,249,2.5,10
0.530400454,0.364965347,0.432074825,1999,50,249,2.5,31
0.533809756,0.388736984,0.449397165,1999,50,249,2.5,52
0.539035288,0.399508999,0.458685743,1999,50,249,2.5,73
0.461840967,0.132869915,0.206042021,1999,50,249,8.333333333,10
0.540557633,0.209173171,0.301274741,1999,50,249,8.333333333,31
0.564080939,0.215480489,0.310967698,1999,50,249,8.333333333,52
0.605464087,0.259826258,0.362852504,1999,50,249,8.333333333,73
0.51156725,0.105888948,0.174222161,1999,50,249,14.16666667,10
0.564956167,0.173183246,0.264663619,1999,50,249,14.16666667,31
0.635842249,0.202041577,0.305980053,1999,50,249,14.16666667,52
0.651523032,0.234322447,0.343539779,1999,50,249,14.16666667,73
0.570066983,0.117272642,0.194395833,1999,50,249,20,10
0.565045454,0.12865864,0.207783351,1999,50,249,20,31
0.63802005,0.176278936,0.274464379,1999,50,249,20,52
0.751227458,0.241597356,0.364093171,1999,50,249,20,73
0.727141436,0.638643491,0.677806315,1999,200,15,2.5,10
0.729639222,0.47292201,0.572446744,1999,200,15,2.5,31
0.665487105,0.529565902,0.588541331,1999,200,15,2.5,52
0.638484577,0.611012547,0.623679454,1999,200,15,2.5,73
0.72081681,0.264245619,0.38251458,1999,200,15,8.333333333,10
0.670698018,0.257299106,0.368742043,1999,200,15,8.333333333,31
0.769446579,0.314362315,0.435753184,1999,200,15,8.333333333,52
0.740651143,0.425384213,0.537611637,1999,200,15,8.333333333,73
0.714911345,0.228234213,0.341996457,1999,200,15,14.16666667,10
0.807400893,0.214422482,0.335173007,1999,200,15,14.16666667,31
0.742763232,0.27811722,,1999,200,15,14.16666667,52
0.834973051,0.312440747,0.444328641,1999,200,15,14.16666667,73
0.672875367,0.13877884,0.226320841,1999,200,15,20,10
0.757535202,0.12448721,0.209692872,1999,200,15,20,31
0.846962261,0.215549775,0.33940765,1999,200,15,20,52
0.711173432,0.184129391,,1999,200,15,20,73
0.644768677,0.462488725,0.538260076,1999,200,93,2.5,10
0.611263572,0.530774916,0.567834059,1999,200,93,2.5,31
0.587789274,0.508915065,0.545208847,1999,200,93,2.5,52
0.604535143,0.551114311,0.576292598,1999,200,93,2.5,73
0.565663781,0.238771245,0.333062654,1999,200,93,8.333333333,10
0.649859075,0.257965569,0.367444941,1999,200,93,8.333333333,31
0.666224796,0.314116284,0.426161716,1999,200,93,8.333333333,52
0.684319502,0.333387303,0.44714724,1999,200,93,8.333333333,73
0.596732911,0.184452375,0.280817636,1999,200,93,14.16666667,10
0.655169709,0.226065112,0.335067248,1999,200,93,14.16666667,31
0.672882306,0.236067041,0.347870519,1999,200,93,14.16666667,52
0.739999082,0.240867401,0.360676443,1999,200,93,14.16666667,73
0.595332454,0.159167927,0.249888613,1999,200,93,20,10
0.736970785,0.239424743,0.359126199,1999,200,93,20,31
0.763523118,0.232664671,0.355959703,1999,200,93,20,52
0.768724219,0.211124949,0.325519371,1999,200,93,20,73
0.605655377,0.408951203,0.487949431,1999,200,171,2.5,10
0.571102625,0.50875004,0.537749684,1999,200,171,2.5,31
0.600812415,0.5083501,0.55017766,1999,200,171,2.5,52
0.591627774,0.508555162,0.546300126,1999,200,171,2.5,73
0.53005789,0.183316675,0.271481197,1999,200,171,8.333333333,10
0.632313703,0.277221234,0.384816224,1999,200,171,8.333333333,31
0.71709885,0.355245955,0.474616825,1999,200,171,8.333333333,52
0.677337918,0.335722114,0.447828032,1999,200,171,8.333333333,73
0.551658213,0.161607744,0.249902229,1999,200,171,14.16666667,10
0.683764003,0.232546434,0.345934164,1999,200,171,14.16666667,31
0.691435936,0.250670772,0.366821672,1999,200,171,14.16666667,52
0.715700683,0.261276962,0.381773446,1999,200,171,14.16666667,73
0.595441605,0.148264697,0.236652115,1999,200,171,20,10
0.657856958,0.204430246,0.311342884,1999,200,171,20,31
0.717543097,0.220540261,0.334904123,1999,200,171,20,52
0.724270751,0.238216372,0.35646665,1999,200,171,20,73
0.58477178,0.408037272,0.479997605,1999,200,249,2.5,10
0.564132969,0.47819188,0.5173124,1999,200,249,2.5,31
0.564239383,0.50873084,0.534656169,1999,200,249,2.5,52
0.586679007,0.522667858,0.552478363,1999,200,249,2.5,73
0.48683739,0.174278366,0.254526997,1999,200,249,8.333333333,10
0.64778899,0.269205504,0.379822575,1999,200,249,8.333333333,31
0.670684736,0.312204117,0.425429689,1999,200,249,8.333333333,52
0.670426992,0.310000711,0.423276941,1999,200,249,8.333333333,73
0.499874554,0.141754638,0.220001649,1999,200,249,14.16666667,10
0.662889565,0.216952288,0.325205549,1999,200,249,14.16666667,31
0.715922242,0.259479375,0.380226795,1999,200,249,14.16666667,52
0.710249203,0.260357172,0.379624646,1999,200,249,14.16666667,73
0.548883532,0.125917479,0.204479474,1999,200,249,20,10
0.668375227,0.178479777,0.280254754,1999,200,249,20,31
0.717498316,0.223659266,0.339712206,1999,200,249,20,52
0.757729711,0.253161507,0.377481871,1999,200,249,20,73
0.680024384,0.547063281,0.604645841,1999,350,15,2.5,10
0.629823887,0.446263742,0.521727386,1999,350,15,2.5,31
0.551889601,0.435904694,0.484922446,1999,350,15,2.5,52
0.622710562,0.500708334,0.552739746,1999,350,15,2.5,73
0.655545149,0.272181119,0.381083853,1999,350,15,8.333333333,10
0.681463279,0.266476654,0.379372458,1999,350,15,8.333333333,31
0.755143587,0.264939292,0.387555339,1999,350,15,8.333333333,52
0.734558791,,,1999,350,15,8.333333333,73
0.71453777,0.21616561,0.328892096,1999,350,15,14.16666667,10
0.779747868,0.200761244,0.315955869,1999,350,15,14.16666667,31
0.747596267,0.254996902,0.370734346,1999,350,15,14.16666667,52
0.683991313,0.217629291,,1999,350,15,14.16666667,73
0.704197123,0.137342065,0.223598204,1999,350,15,20,10
0.763706868,0.19814884,0.31000747,1999,350,15,20,31
0.806994286,0.192797033,0.306213493,1999,350,15,20,52
0.800863488,0.237643275,0.360856424,1999,350,15,20,73
0.632126509,0.433878466,0.513085474,1999,350,93,2.5,10
0.566695238,0.49186119,0.526138438,1999,350,93,2.5,31
0.603755848,0.536519352,0.567639493,1999,350,93,2.5,52
0.597011409,0.523176494,0.556786516,1999,350,93,2.5,73
0.610599691,0.30127152,0.402518713,1999,350,93,8.333333333,10
0.648394104,0.265564992,0.375400981,1999,350,93,8.333333333,31
0.663415443,0.306159088,0.418053286,1999,350,93,8.333333333,52
0.714446687,0.336865037,0.455658343,1999,350,93,8.333333333,73
0.641692587,0.215436084,0.321684386,1999,350,93,14.16666667,10
0.680178225,0.21754131,0.328533236,1999,350,93,14.16666667,31
0.732134033,0.258059676,0.379797288,1999,350,93,14.16666667,52
0.689560209,0.248042712,0.362729664,1999,350,93,14.16666667,73
0.67403644,0.177325632,0.279368717,1999,350,93,20,10
0.715832918,0.190082191,0.29772041,1999,350,93,20,31
0.787956056,0.225729714,0.347178238,1999,350,93,20,52
0.790788711,0.286255066,0.418694783,1999,350,93,20,73
0.628182413,0.431834289,0.511065277,1999,350,171,2.5,10
0.592252298,0.510453958,0.547959912,1999,350,171,2.5,31
0.608337811,0.539460005,0.571454887,1999,350,171,2.5,52
0.598274885,0.542217728,0.568639998,1999,350,171,2.5,73
0.607307397,0.231118269,0.334302999,1999,350,171,8.333333333,10
0.649883619,0.297953848,0.407573365,1999,350,171,8.333333333,31
0.715500841,0.306385976,0.427005784,1999,350,171,8.333333333,52
0.641382115,0.325502798,0.430132086,1999,350,171,8.333333333,73
0.590135493,0.176866787,0.27156628,1999,350,171,14.16666667,10
0.679303968,0.218628585,0.33029515,1999,350,171,14.16666667,31
0.702310499,0.252909302,0.369661521,1999,350,171,14.16666667,52
0.70969325,0.263798754,0.383000963,1999,350,171,14.16666667,73
0.671550394,0.191120931,0.29702187,1999,350,171,20,10
0.713436672,0.203492018,0.315086255,1999,350,171,20,31
0.6843836,0.195494193,0.301858767,1999,350,171,20,52
0.7666671,0.282011962,0.409553298,1999,350,171,20,73
0.608996041,0.426553552,0.501564708,1999,350,249,2.5,10
0.574874953,0.523433108,0.54754626,1999,350,249,2.5,31
0.584569193,0.527321253,0.554073473,1999,350,249,2.5,52
0.600696203,0.535691254,0.565934447,1999,350,249,2.5,73
0.561327244,0.234539521,0.329788799,1999,350,249,8.333333333,10
0.661528261,0.302641846,0.414942834,1999,350,249,8.333333333,31
0.662530349,0.304302144,0.41615759,1999,350,249,8.333333333,52
0.663860173,0.30510378,0.416821345,1999,350,249,8.333333333,73
0.59186574,0.191316079,0.288801066,1999,350,249,14.16666667,10
0.67726726,0.229568474,0.341883588,1999,350,249,14.16666667,31
0.721037341,0.276389401,0.398286291,1999,350,249,14.16666667,52
0.731249525,0.293566047,0.417186253,1999,350,249,14.16666667,73
0.607877738,0.149701404,0.239283318,1999,350,249,20,10
0.688465791,0.203290392,0.312876332,1999,350,249,20,31
0.688642033,0.221979845,0.333586646,1999,350,249,20,52
0.706023886,0.241979264,0.358842288,1999,350,249,20,73
0.662528554,0.567287023,0.610333585,1999,500,15,2.5,10
0.638375103,0.444763867,0.523320082,1999,500,15,2.5,31
0.657276438,0.519592152,0.579251602,1999,500,15,2.5,52
0.645096337,0.513360363,0.569945607,1999,500,15,2.5,73
0.710808946,0.28436273,0.403256807,1999,500,15,8.333333333,10
0.705588218,0.240563333,0.349623942,1999,500,15,8.333333333,31
0.668850394,0.267307078,0.371324201,1999,500,15,8.333333333,52
0.698103687,0.313533307,0.427950679,1999,500,15,8.333333333,73
0.739768561,0.208446133,0.320539929,1999,500,15,14.16666667,10
0.747215152,0.261004279,0.377022239,1999,500,15,14.16666667,31
0.722623414,0.254982767,0.371132769,1999,500,15,14.16666667,52
0.745397908,0.324431044,0.441094959,1999,500,15,14.16666667,73
0.771022924,0.304418591,0.430432873,1999,500,15,20,10
0.798876467,0.305031793,0.427064751,1999,500,15,20,31
0.752626706,0.222702845,0.331935733,1999,500,15,20,52
0.721067893,0.282087921,0.392123452,1999,500,15,20,73
0.642269143,0.460924638,0.53542634,1999,500,93,2.5,10
0.582025892,0.497436046,0.535951456,1999,500,93,2.5,31
0.578898227,0.496034183,0.533595751,1999,500,93,2.5,52
0.617216826,0.530532148,0.570257569,1999,500,93,2.5,73
0.649162315,0.296890691,0.406680156,1999,500,93,8.333333333,10
0.658724599,0.281581253,0.393924372,1999,500,93,8.333333333,31
0.689683899,0.311336984,0.42723236,1999,500,93,8.333333333,52
0.712573822,0.316645042,0.436050603,1999,500,93,8.333333333,73
0.664531586,0.244727153,0.35648673,1999,500,93,14.16666667,10
0.661297324,0.208613157,0.316085449,1999,500,93,14.16666667,31
0.751650342,0.244825377,0.366156832,1999,500,93,14.16666667,52
0.745043176,0.274348802,0.398484995,1999,500,93,14.16666667,73
0.668696342,0.200096142,0.306526896,1999,500,93,20,10
0.723926036,0.209523914,0.322711175,1999,500,93,20,31
0.751426829,0.24479412,0.362474738,1999,500,93,20,52
0.77503089,0.256606429,0.383239126,1999,500,93,20,73
0.603898863,0.390422308,0.472962977,1999,500,171,2.5,10
0.600739411,0.505950489,0.548919351,1999,500,171,2.5,31
0.599719427,0.538580246,0.566946485,1999,500,171,2.5,52
0.603445801,0.5262726,0.561613882,1999,500,171,2.5,73
0.606428319,0.288165332,0.389904934,1999,500,171,8.333333333,10
0.652394246,0.276708314,0.387183664,1999,500,171,8.333333333,31
0.648391019,0.281759638,0.391507754,1999,500,171,8.333333333,52
0.690685719,0.330534456,0.446043169,1999,500,171,8.333333333,73
0.664343899,0.207649081,0.315996813,1999,500,171,14.16666667,10
0.692078413,0.242764182,0.358027329,1999,500,171,14.16666667,31
0.709631182,0.251995676,0.369676759,1999,500,171,14.16666667,52
0.738034469,0.274870592,0.399402269,1999,500,171,14.16666667,73
0.640780556,0.208528587,0.314328076,1999,500,171,20,10
0.695579592,0.204113512,0.313988685,1999,500,171,20,31
0.751240679,0.252574373,0.375820122,1999,500,171,20,52
0.721870163,0.229479897,0.344516745,1999,500,171,20,73
0.607791403,0.384430066,0.469975335,1999,500,249,2.5,10
0.596011773,0.480999641,0.531699819,1999,500,249,2.5,31
0.581056034,0.517669608,0.547153553,1999,500,249,2.5,52
0.594115273,0.533391034,0.56176769,1999,500,249,2.5,73
0.591984025,0.268365641,0.36871044,1999,500,249,8.333333333,10
0.656307238,0.294730661,0.406254339,1999,500,249,8.333333333,31
0.680283283,0.317256061,0.431802413,1999,500,249,8.333333333,52
0.664988392,0.336847272,0.446539871,1999,500,249,8.333333333,73
0.619027228,0.198557268,0.300190791,1999,500,249,14.16666667,10
0.670256244,0.21570858,0.324985035,1999,500,249,14.16666667,31
0.686785076,0.232240065,0.345165073,1999,500,249,14.16666667,52
0.714032341,0.267785946,0.387750096,1999,500,249,14.16666667,73
0.659649974,0.205800771,0.313581146,1999,500,249,20,10
0.724921817,0.201313571,0.312783521,1999,500,249,20,31
0.708666674,0.197895994,0.306575926,1999,500,249,20,52
0.742818712,0.24173542,0.362016676,1999,500,249,20,73
