Precision,Recall,F1 Score,Test Precision,Test Recall,Test F1,Number of examples,Margin,Clauses,Specificity,Accumulation,Max_included_literals,,,,,,,,,,
0.867183107,0.349640129,0.496529556,0.818799515,0.297539175,0.435865997,250,50,15,2.5,5,3,,,,,,,,,,
0.860926456,0.614869129,0.717228045,0.85401924,0.552379722,0.670842836,250,50,15,2.5,5,11,,,,,,,,,,
0.861792097,0.456644447,0.595747075,0.846774325,0.44389811,0.582404198,250,50,15,2.5,5,19,,,,,,,,,,
0.79902286,0.501850704,0.614296225,0.705381177,0.352498538,0.469833805,250,50,15,2.5,27,3,,,,,,,,,,
0.831611808,0.475105066,0.603971429,0.733309852,0.382826688,0.50254908,250,50,15,2.5,27,11,,,,,,,,,,
0.832979048,0.463849837,0.593904415,0.696165316,0.286207267,0.404749752,250,50,15,2.5,27,19,,,,,Examples,Margin,Clauses,Specificity,Accumulation,max_literals
0.853981562,0.648514297,0.737083565,0.601492719,0.367946206,0.456195117,250,50,15,2.5,49,3,,,,Train,0.05,0.07,-0.08,-0.75,0.50,-0.07
0.912410812,0.466240433,0.614165943,0.747303694,0.246963118,0.371101824,250,50,15,2.5,49,11,,,,Test,0.06,0.06,0.01,-0.89,-0.07,-0.03
0.861435831,0.531253155,0.65668379,0.727710659,0.323864448,0.44735713,250,50,15,2.5,49,19,,,,,,,,,,
0.759629956,0.089285428,0.15109073,0.562921639,0.038135362,0.070472144,250,50,15,11.25,5,3,,,,,,,,,,
0.808024071,0.122424411,0.212449511,0.763928123,0.095630595,0.169209176,250,50,15,11.25,5,11,,,,,,,,,,
0.887360084,0.129736415,0.219651386,0.727556704,0.110886462,0.192310713,250,50,15,11.25,5,19,,,,,,,,,,
0.941499394,0.250194874,0.392813502,0.658423636,0.054387759,0.100287429,250,50,15,11.25,27,3,,,,,,,,,,
0.827376141,0.288541775,0.426604416,0.467866399,0.09596381,0.15480879,250,50,15,11.25,27,11,,,,,,,,,,
0.913109158,0.247864318,0.385161047,0.666286802,0.079453471,0.14155425,250,50,15,11.25,27,19,,,,,,,,,,
0.91560043,0.406653228,0.558217321,0.588546228,0.140608972,0.226424556,250,50,15,11.25,49,3,,,,,,,,,,
0.912157223,0.400489895,0.543960876,0.596687497,0.101979987,0.173575081,250,50,15,11.25,49,11,,,,,,,,,,
0.922910457,0.394347306,0.547923428,0.487099292,0.063942962,0.112385917,250,50,15,11.25,49,19,,,,,,,,,,
0.739882008,0.067202633,0.122917012,0.631217537,0.025198799,0.048293709,250,50,15,20,5,3,,,,,,,,,,
0.802344089,0.103526157,0.179819864,0.574736993,0.025665585,0.049014199,250,50,15,20,5,11,,,,,,,,,,
0.876112364,0.081988433,0.149638603,0.618789704,0.084672317,0.147711033,250,50,15,20,5,19,,,,,,,,,,
0.905262468,0.201486187,0.326209052,0.758345052,0.054296402,0.101173175,250,50,15,20,27,3,,,,,,,,,,
0.917630026,0.22206929,0.351946892,0.559490938,0.048171617,0.08804517,250,50,15,20,27,11,,,,,,,,,,
0.864257458,0.160088804,0.263564147,0.385712624,0.019460339,0.037003126,250,50,15,20,27,19,,,,,,,,,,
0.966824917,0.278171391,0.427931499,0.891930421,0.071038106,0.131415144,250,50,15,20,49,3,,,,,,,,,,
0.910043411,0.335071578,0.485913938,0.686362382,0.033597792,0.063805732,250,50,15,20,49,11,,,,,,,,,,
0.896879623,0.213832407,0.335945533,0.673719284,0.05212556,0.096550751,250,50,15,20,49,19,,,,,,,,,,
0.795130088,0.424367471,0.552982027,0.762477541,0.388033545,0.514065022,250,50,57,2.5,5,3,,,,,,,,,,
0.805511323,0.442303619,0.570040193,0.791310172,0.422620109,0.550863283,250,50,57,2.5,5,11,,,,,,,,,,
0.827075102,0.443345568,0.574894716,0.813416357,0.431014056,0.562835404,250,50,57,2.5,5,19,,,,,,,,,,
0.803251868,0.509719496,0.622798553,0.679618351,0.370504992,0.479476057,250,50,57,2.5,27,3,,,,,,,,,,
0.813511365,0.469992065,0.595036252,0.737812751,0.374062367,0.496331126,250,50,57,2.5,27,11,,,,,,,,,,
0.810484302,0.431748281,0.562580315,0.717575398,0.3245261,0.446898314,250,50,57,2.5,27,19,,,,,,,,,,
0.793805336,0.557225704,0.654415643,0.644814688,0.329926946,0.436409053,250,50,57,2.5,49,3,,,,,,,,,,
0.818375992,0.515830486,0.63210383,0.692034472,0.321646,0.438985604,250,50,57,2.5,49,11,,,,,,,,,,
0.836687352,0.509468361,0.632893145,0.711406828,0.325747714,0.446801119,250,50,57,2.5,49,19,,,,,,,,,,
0.780079022,0.108742025,0.190541423,0.617519119,0.061755629,0.111931026,250,50,57,11.25,5,3,,,,,,,,,,
0.795346613,0.12368809,0.213336237,0.704573544,0.086116256,0.153217101,250,50,57,11.25,5,11,,,,,,,,,,
0.831078532,0.111792766,0.195563005,0.715828154,0.064647236,0.118558688,250,50,57,11.25,5,19,,,,,,,,,,
0.914882882,0.223262156,0.356882703,0.660300078,0.086642246,0.153142221,250,50,57,11.25,27,3,,,,,,,,,,
0.885928979,0.238592858,0.373467875,0.615031792,0.108460239,0.184302156,250,50,57,11.25,27,11,,,,,,,,,,
0.863544239,0.240757625,0.37284465,0.676620519,0.112159053,0.192355061,250,50,57,11.25,27,19,,,,,,,,,,
0.898978069,0.367127558,0.519202599,0.62056572,0.158962678,0.25286624,250,50,57,11.25,49,3,,,,,,,,,,
0.924011094,0.376485818,0.533629055,0.69549862,0.126064922,0.213353266,250,50,57,11.25,49,11,,,,,,,,,,
0.916580563,0.297987092,0.445567626,0.572810302,0.066903585,0.119698584,250,50,57,11.25,49,19,,,,,,,,,,
0.802099467,0.063949,0.117031866,0.506074092,0.022164246,0.042452239,250,50,57,20,5,3,,,,,,,,,,
0.683756081,0.077801014,0.138694408,0.563723143,0.036805434,0.069076542,250,50,57,20,5,11,,,,,,,,,,
0.802346058,0.12288951,0.21297452,0.677116469,0.096504947,0.168081196,250,50,57,20,5,19,,,,,,,,,,
0.930073778,0.193844244,0.317691706,0.586498623,0.05240252,0.096183328,250,50,57,20,27,3,,,,,,,,,,
0.914990527,0.203264973,0.329746044,0.712838861,0.094174602,0.166327484,250,50,57,20,27,11,,,,,,,,,,
0.914944563,0.191955927,0.311989202,0.655782704,0.078682715,0.14007185,250,50,57,20,27,19,,,,,,,,,,
0.956316506,0.272222145,0.418831124,0.582937532,0.04404798,0.081802535,250,50,57,20,49,3,,,,,,,,,,
0.955610168,0.241902338,0.383014163,0.694689682,0.065067853,0.118870666,250,50,57,20,49,11,,,,,,,,,,
0.930882662,0.249550236,0.388414542,0.806642748,0.056411519,0.105295345,250,50,57,20,49,19,,,,,,,,,,
0.791739583,0.460203387,0.581958925,0.767068844,0.443938941,0.562338673,250,50,99,2.5,5,3,,,,,,,,,,
0.804979623,0.390581989,0.525303583,0.796526907,0.378704563,0.513208097,250,50,99,2.5,5,11,,,,,,,,,,
0.789403393,0.373924933,0.506764613,0.754314509,0.3441834,0.472656933,250,50,99,2.5,5,19,,,,,,,,,,
0.786384179,0.481837962,0.597419001,0.671659751,0.349301025,0.459189203,250,50,99,2.5,27,3,,,,,,,,,,
0.79436016,0.486300394,0.602458667,0.705151605,0.380729758,0.494388354,250,50,99,2.5,27,11,,,,,,,,,,
0.833592144,0.455799826,0.588595625,0.753002603,0.360689619,0.487639591,250,50,99,2.5,27,19,,,,,,,,,,
0.811901394,0.492117661,0.612337445,0.64974145,0.327736311,0.435669667,250,50,99,2.5,49,3,,,,,,,,,,
0.823111044,0.477482893,0.603272566,0.658695555,0.282143078,0.39493506,250,50,99,2.5,49,11,,,,,,,,,,
0.82918072,0.471725723,0.600337378,0.717129711,0.290438004,0.413339551,250,50,99,2.5,49,19,,,,,,,,,,
0.796091848,0.084728559,0.152952953,0.671010012,0.046311423,0.086627351,250,50,99,11.25,5,3,,,,,,,,,,
0.79513326,0.113355186,0.198076771,0.700636101,0.078178619,0.140602865,250,50,99,11.25,5,11,,,,,,,,,,
0.773055682,0.111923032,0.194850529,0.672408684,0.08599212,0.152468549,250,50,99,11.25,5,19,,,,,,,,,,
0.879346214,0.246054712,0.383528708,0.606259222,0.097107102,0.167370274,250,50,99,11.25,27,3,,,,,,,,,,
0.903826598,0.240447035,0.377967165,0.687910697,0.07272455,0.131527475,250,50,99,11.25,27,11,,,,,,,,,,
0.897852274,0.227223561,0.360969465,0.695114843,0.087390267,0.154864232,250,50,99,11.25,27,19,,,,,,,,,,
0.91958186,0.321955389,0.474329057,0.641196823,0.137619954,0.226115507,250,50,99,11.25,49,3,,,,,,,,,,
0.912710603,0.310520534,0.46049749,0.7017374,0.097358086,0.170934049,250,50,99,11.25,49,11,,,,,,,,,,
0.937609663,0.30829121,0.461068522,0.746290191,0.119639293,0.206089408,250,50,99,11.25,49,19,,,,,,,,,,
0.716903646,0.048513677,0.089976067,0.602995524,0.018118635,0.035165856,250,50,99,20,5,3,,,,,,,,,,
0.774592899,0.0708364,0.128765979,0.489101139,0.039395422,0.07285195,250,50,99,20,5,11,,,,,,,,,,
0.798718945,0.086405601,0.155236606,0.665863398,0.049295578,0.091788409,250,50,99,20,5,19,,,,,,,,,,
0.907890087,0.170390323,0.284097541,0.756056254,0.034935242,0.066766734,250,50,99,20,27,3,,,,,,,,,,
0.914034961,0.188453242,0.310241888,0.657030738,0.056276682,0.103600051,250,50,99,20,27,11,,,,,,,,,,
0.907588392,0.164405637,0.275330093,0.723776825,0.045230034,0.085119665,250,50,99,20,27,19,,,,,,,,,,
0.903363643,0.309924269,0.458988676,0.619737976,0.101508226,0.174290818,250,50,99,20,49,3,,,,,,,,,,
0.927282135,0.248603121,0.389348073,0.580028305,0.052699866,0.096490019,250,50,99,20,49,11,,,,,,,,,,
0.952387215,0.227080204,0.364050143,0.769206388,0.051933584,0.097232635,250,50,99,20,49,19,,,,,,,,,,
0.823679292,0.644629318,0.723212126,0.817271733,0.646789416,0.721690967,250,275,15,2.5,5,3,,,,,,,,,,
0.865692674,0.484786957,0.619674123,0.822949561,0.437771361,0.570735155,250,275,15,2.5,5,11,,,,,,,,,,
0.867219509,0.509807569,0.64071058,0.842460325,0.521940576,0.644134074,250,275,15,2.5,5,19,,,,,,,,,,
0.826296322,0.641273664,0.721952141,0.627567554,0.445318738,0.519563841,250,275,15,2.5,27,3,,,,,,,,,,
0.779850689,0.512335262,0.61741232,0.72182278,0.332640892,0.455237252,250,275,15,2.5,27,11,,,,,,,,,,
0.8606128,0.499884379,0.630008903,0.751727746,0.416839586,0.535877433,250,275,15,2.5,27,19,,,,,,,,,,
0.889355315,0.671155109,0.763330303,0.657857622,0.335216781,0.444121205,250,275,15,2.5,49,3,,,,,,,,,,
0.869166092,0.542226202,0.667565865,0.737417076,0.343615811,0.464671732,250,275,15,2.5,49,11,,,,,,,,,,
0.84743358,0.514188592,0.635951654,0.62652819,0.22395091,0.329662689,250,275,15,2.5,49,19,,,,,,,,,,
0.780073124,0.116042426,0.195245055,0.50073151,0.054086438,0.09731731,250,275,15,11.25,5,3,,,,,,,,,,
0.72092378,0.139586583,0.228984141,0.532167662,0.066754056,0.117926511,250,275,15,11.25,5,11,,,,,,,,,,
0.807963916,0.145787404,0.244668202,0.64091574,0.084658926,0.149450387,250,275,15,11.25,5,19,,,,,,,,,,
0.950870866,0.310911473,0.463372651,0.783976055,0.142603452,0.240919709,250,275,15,11.25,27,3,,,,,,,,,,
0.819236875,0.343367243,0.48051897,0.570747768,0.134148906,0.211334642,250,275,15,11.25,27,11,,,,,,,,,,
0.930933811,0.217367035,0.346674123,0.666054845,0.066441097,0.120325947,250,275,15,11.25,27,19,,,,,,,,,,
0.877776046,0.45520924,0.59800332,0.615183838,0.173487827,0.26741826,250,275,15,11.25,49,3,,,,,,,,,,
0.891068132,0.36886535,0.51757209,0.786229951,0.130854472,0.223145395,250,275,15,11.25,49,11,,,,,,,,,,
0.907149964,0.339472213,0.489319669,0.680199467,0.100675389,0.175219219,250,275,15,11.25,49,19,,,,,,,,,,
0.904724443,0.129541005,0.226411753,0.708475794,0.057401811,0.105817271,250,275,15,20,5,3,,,,,,,,,,
0.88237112,0.086365364,0.156506918,0.689113035,0.047235202,0.088254239,250,275,15,20,5,11,,,,,,,,,,
0.858633077,0.074631792,0.13582492,0.600554643,0.029242256,0.055712816,250,275,15,20,5,19,,,,,,,,,,
0.904229241,0.288552517,0.431171513,0.6437004,0.110793124,0.186890941,250,275,15,20,27,3,,,,,,,,,,
0.962694321,0.22286579,0.354184099,0.866505293,0.059301281,0.110766319,250,275,15,20,27,11,,,,,,,,,,
0.939427786,0.266556455,0.396697189,0.575270524,0.01580768,0.030729097,250,275,15,20,27,19,,,,,,,,,,
0.883758229,0.443307691,0.590041567,0.564203736,0.169642539,0.258070827,250,275,15,20,49,3,,,,,,,,,,
0.936453089,0.294611616,0.434497895,0.632798567,0.053690628,0.098921968,250,275,15,20,49,11,,,,,,,,,,
0.960080655,0.264786423,0.406414331,0.585108242,0.024916364,0.047584317,250,275,15,20,49,19,,,,,,,,,,
0.80143652,0.423475295,0.550920836,0.766032988,0.416332116,0.538632723,250,275,57,2.5,5,3,,,,,,,,,,
0.821842579,0.447815588,0.577101564,0.809248971,0.473410785,0.597318178,250,275,57,2.5,5,11,,,,,,,,,,
0.816446267,0.457943128,0.586181439,0.780930418,0.436575242,0.560014974,250,275,57,2.5,5,19,,,,,,,,,,
0.751233022,0.598582406,0.666205146,0.711771563,0.49764193,0.585251016,250,275,57,2.5,27,3,,,,,,,,,,
0.849416048,0.482494708,0.613410547,0.733178892,0.355930922,0.479001537,250,275,57,2.5,27,11,,,,,,,,,,
0.848645494,0.458018075,0.592578005,0.76591241,0.352757429,0.482849628,250,275,57,2.5,27,19,,,,,,,,,,
0.802564572,0.593179963,0.681276228,0.694490984,0.400513345,0.507876064,250,275,57,2.5,49,3,,,,,,,,,,
0.782035026,0.575290428,0.662684472,0.611620731,0.317026837,0.416434078,250,275,57,2.5,49,11,,,,,,,,,,
0.843885635,0.511980774,0.63585725,0.708779041,0.297384149,0.418617868,250,275,57,2.5,49,19,,,,,,,,,,
0.817954203,0.130073466,0.221706261,0.748328037,0.090855675,0.161887235,250,275,57,11.25,5,3,,,,,,,,,,
0.856649909,0.174689505,0.287707425,0.784917362,0.121800428,0.21046824,250,275,57,11.25,5,11,,,,,,,,,,
0.819040291,0.160627921,0.266731927,0.743135486,0.117804561,0.203284231,250,275,57,11.25,5,19,,,,,,,,,,
0.875832037,0.36512253,0.513716461,0.639230233,0.184024568,0.285259446,250,275,57,11.25,27,3,,,,,,,,,,
0.87799058,0.273950755,0.416265763,0.718982687,0.13228221,0.223082674,250,275,57,11.25,27,11,,,,,,,,,,
0.869858924,0.258731744,0.395945642,0.691106473,0.116271788,0.198689277,250,275,57,11.25,27,19,,,,,,,,,,
0.929254246,0.398878455,0.55637992,0.463343543,0.118620476,0.188306334,250,275,57,11.25,49,3,,,,,,,,,,
0.919524506,0.337536036,0.490794709,0.711564745,0.137969191,0.230896237,250,275,57,11.25,49,11,,,,,,,,,,
0.897450921,0.323907221,0.47261632,0.707583155,0.11992274,0.204691936,250,275,57,11.25,49,19,,,,,,,,,,
0.807078007,0.082050789,0.147648772,0.598814695,0.024148752,0.046410485,250,275,57,20,5,3,,,,,,,,,,
0.835796288,0.109231037,0.189185784,0.678304563,0.054072225,0.100115614,250,275,57,20,5,11,,,,,,,,,,
0.818317155,0.082782966,0.149623501,0.644644815,0.038982293,0.073343714,250,275,57,20,5,19,,,,,,,,,,
0.86805593,0.250625503,0.383960205,0.633501565,0.086259819,0.151783183,250,275,57,20,27,3,,,,,,,,,,
0.927154354,0.209329725,0.337186324,0.567733471,0.03258448,0.061408234,250,275,57,20,27,11,,,,,,,,,,
0.932015183,0.191045294,0.310494844,0.712205635,0.040212101,0.076080645,250,275,57,20,27,19,,,,,,,,,,
0.908617342,0.333019523,0.484669959,0.691662474,0.13903242,0.231093852,250,275,57,20,49,3,,,,,,,,,,
0.926110775,0.293414622,0.440470628,0.681719096,0.071358622,0.128879679,250,275,57,20,49,11,,,,,,,,,,
0.918293822,0.258493737,0.401610686,0.632678307,0.090931301,0.157953393,250,275,57,20,49,19,,,,,,,,,,
0.774932872,0.436555434,0.557518692,0.73312431,0.420901836,0.534470462,250,275,99,2.5,5,3,,,,,,,,,,
0.791152042,0.458323898,0.579497339,0.741312364,0.460464376,0.567920334,250,275,99,2.5,5,11,,,,,,,,,,
0.793475216,0.43882574,0.563854071,0.766693635,0.41653297,0.539320516,250,275,99,2.5,5,19,,,,,,,,,,
0.774431572,0.523033455,0.623973426,0.688795489,0.364344741,0.476374792,250,275,99,2.5,27,3,,,,,,,,,,
0.795520486,0.464857201,0.585405808,0.719125562,0.347831177,0.468720631,250,275,99,2.5,27,11,,,,,,,,,,
0.84479487,0.445695804,0.581218206,0.737444713,0.320804308,0.447031458,250,275,99,2.5,27,19,,,,,,,,,,
0.755027722,0.584112512,0.658429673,0.61803713,0.359601539,0.454501909,250,275,99,2.5,49,3,,,,,,,,,,
0.816346936,0.544524831,0.65151207,0.669591544,0.338480042,0.449485235,250,275,99,2.5,49,11,,,,,,,,,,
0.83991506,0.551776919,0.665339186,0.691386327,0.33483062,0.450952848,250,275,99,2.5,49,19,,,,,,,,,,
0.825952923,0.110948407,0.194883377,0.714386904,0.078328504,0.141139164,250,275,99,11.25,5,3,,,,,,,,,,
0.816414533,0.186902334,0.303539352,0.704469992,0.162987635,0.264664249,250,275,99,11.25,5,11,,,,,,,,,,
0.828577498,0.15342232,0.257501342,0.713348152,0.121404942,0.207460247,250,275,99,11.25,5,19,,,,,,,,,,
0.881961707,0.281974097,0.425283202,0.65734935,0.113105531,0.192949414,250,275,99,11.25,27,3,,,,,,,,,,
0.875261655,0.247772147,0.384185383,0.669435208,0.109265421,0.187862981,250,275,99,11.25,27,11,,,,,,,,,,
0.871742125,0.214495044,0.341235857,0.588606504,0.082252799,0.144328467,250,275,99,11.25,27,19,,,,,,,,,,
0.905177676,0.327211816,0.478031628,0.633069999,0.109491752,0.186436767,250,275,99,11.25,49,3,,,,,,,,,,
0.914134021,0.329850145,0.480742195,0.683922672,0.122274502,0.207399774,250,275,99,11.25,49,11,,,,,,,,,,
0.900914404,0.281834258,0.427546166,0.693508284,0.103442672,0.17957611,250,275,99,11.25,49,19,,,,,,,,,,
0.859821309,0.08059657,0.146964824,0.677242064,0.055257783,0.102103679,250,275,99,20,5,3,,,,,,,,,,
0.800306112,0.074377231,0.134634428,0.690871157,0.04152243,0.078327494,250,275,99,20,5,11,,,,,,,,,,
0.846909134,0.082995054,0.1496817,0.611245254,0.037998216,0.071493634,250,275,99,20,5,19,,,,,,,,,,
0.914308633,0.207603605,0.336179079,0.664764746,0.076659265,0.137416772,250,275,99,20,27,3,,,,,,,,,,
0.921745791,0.180026914,0.296981619,0.674770657,0.056692547,0.1045564,250,275,99,20,27,11,,,,,,,,,,
0.91424998,0.20417861,0.33011039,0.724497663,0.051484173,0.096046023,250,275,99,20,27,19,,,,,,,,,,
0.915030791,0.290260715,0.436944276,0.662035897,0.09850991,0.17115936,250,275,99,20,49,3,,,,,,,,,,
0.935900611,0.270646239,0.415893609,0.612791479,0.081384432,0.143643531,250,275,99,20,49,11,,,,,,,,,,
0.929190981,0.239251019,0.376838685,0.666374585,0.055147437,0.101655481,250,275,99,20,49,19,,,,,,,,,,
0.82428668,0.623906804,0.709630034,0.800492358,0.60244836,0.68742115,250,500,15,2.5,5,3,,,,,,,,,,
0.595969377,0.381438836,0.464619111,0.545307599,0.291284361,0.37810786,250,500,15,2.5,5,11,,,,,,,,,,
0.821020798,0.416883998,0.549016731,0.795106368,0.374535026,0.508888351,250,500,15,2.5,5,19,,,,,,,,,,
0.787960144,0.511783916,0.620087622,0.619907466,0.320067105,0.421996166,250,500,15,2.5,27,3,,,,,,,,,,
0.782042749,0.568921354,0.658245818,0.650500674,0.420493275,0.509235458,250,500,15,2.5,27,11,,,,,,,,,,
0.847281801,0.516329564,0.640165854,0.745095126,0.397901902,0.518261798,250,500,15,2.5,27,19,,,,,,,,,,
0.846981343,0.625300234,0.71896149,0.666865253,0.31112714,0.423718585,250,500,15,2.5,49,3,,,,,,,,,,
0.839004851,0.571357607,0.678904774,0.663358986,0.343605995,0.452571336,250,500,15,2.5,49,11,,,,,,,,,,
0.871797703,0.583610088,0.696887383,0.697209901,0.399882784,0.508152206,250,500,15,2.5,49,19,,,,,,,,,,
0.751727734,0.162938101,0.26249672,0.587985508,0.07663159,0.135423797,250,500,15,11.25,5,3,,,,,,,,,,
0.801997047,0.215166053,0.339118766,0.721862035,0.15622585,0.255061891,250,500,15,11.25,5,11,,,,,,,,,,
0.812263485,0.136219698,0.22971338,0.660031603,0.100941906,0.174434192,250,500,15,11.25,5,19,,,,,,,,,,
0.914333713,0.385312711,0.540062187,0.828081338,0.240432249,0.371108725,250,500,15,11.25,27,3,,,,,,,,,,
0.920674902,0.273959261,0.411874574,0.69579593,0.106928914,0.185094124,250,500,15,11.25,27,11,,,,,,,,,,
0.949355704,0.240792187,0.36914591,0.76236096,0.034180302,0.065172992,250,500,15,11.25,27,19,,,,,,,,,,
0.907884237,0.405375595,0.553268881,0.550318443,0.12007751,0.196981609,250,500,15,11.25,49,3,,,,,,,,,,
0.95172221,0.363810067,0.516849779,0.590140591,0.0454787,0.084124975,250,500,15,11.25,49,11,,,,,,,,,,
0.932684922,0.282546638,0.416936269,0.799010242,0.061058632,0.113089748,250,500,15,11.25,49,19,,,,,,,,,,
0.902003095,0.117698291,0.20766326,0.864091831,0.055548552,0.103749987,250,500,15,20,5,3,,,,,,,,,,
0.846210666,0.080763443,0.14534004,0.625385379,0.028610591,0.054509967,250,500,15,20,5,11,,,,,,,,,,
0.807756896,0.082062322,0.14836139,0.815935967,0.040725045,0.077362465,250,500,15,20,5,19,,,,,,,,,,
0.950185805,0.298459568,0.441632055,0.573522909,0.032772765,0.061994401,250,500,15,20,27,3,,,,,,,,,,
0.942935889,0.257307816,0.395243115,0.641507367,0.082132015,0.144403032,250,500,15,20,27,11,,,,,,,,,,
0.966651419,0.193655863,0.300708951,0.448719616,0.008729349,0.017042293,250,500,15,20,27,19,,,,,,,,,,
0.860737452,0.295598149,0.430664198,0.346570403,0.091643024,0.139213172,250,500,15,20,49,3,,,,,,,,,,
0.896062318,0.345987437,0.491870198,0.618728258,0.086636471,0.151215231,250,500,15,20,49,11,,,,,,,,,,
0.946743593,0.255797329,0.387965437,0.430114341,0.020620501,0.038662377,250,500,15,20,49,19,,,,,,,,,,
0.836943468,0.423206003,0.559652654,0.802535478,0.393518062,0.527755164,250,500,57,2.5,5,3,,,,,,,,,,
0.803099179,0.459241936,0.581829608,0.786807469,0.470535384,0.588560985,250,500,57,2.5,5,11,,,,,,,,,,
0.820930066,0.45999162,0.588563107,0.780371361,0.44757095,0.568775106,250,500,57,2.5,5,19,,,,,,,,,,
0.78659178,0.52178768,0.626558281,0.66110687,0.385415272,0.486379348,250,500,57,2.5,27,3,,,,,,,,,,
0.818266187,0.486806233,0.609465347,0.742129948,0.379107489,0.501351773,250,500,57,2.5,27,11,,,,,,,,,,
0.836902767,0.471054288,0.600533996,0.755709201,0.371291227,0.497694599,250,500,57,2.5,27,19,,,,,,,,,,
0.809361936,0.620293795,0.701352104,0.6711084,0.418756367,0.515706529,250,500,57,2.5,49,3,,,,,,,,,,
0.856906962,0.550382598,0.669647035,0.709661971,0.366615189,0.483040881,250,500,57,2.5,49,11,,,,,,,,,,
0.860744849,0.535137217,0.658347734,0.655042746,0.279268219,0.391316323,250,500,57,2.5,49,19,,,,,,,,,,
0.851940256,0.140403558,0.23850681,0.684336524,0.085864677,0.152416579,250,500,57,11.25,5,3,,,,,,,,,,
0.85202686,0.128194357,0.220679224,0.754913957,0.097321817,0.172368827,250,500,57,11.25,5,11,,,,,,,,,,
0.835911912,0.158482505,0.263341863,0.734427369,0.095533768,0.169045287,250,500,57,11.25,5,19,,,,,,,,,,
0.878845705,0.299848307,0.444518942,0.605145091,0.120722345,0.201262899,250,500,57,11.25,27,3,,,,,,,,,,
0.884283744,0.270100684,0.410828904,0.732332404,0.137016389,0.230479823,250,500,57,11.25,27,11,,,,,,,,,,
0.867649904,0.258013478,0.392275744,0.629854225,0.109978769,0.186971116,250,500,57,11.25,27,19,,,,,,,,,,
0.952849756,0.401928871,0.561127584,0.724384798,0.126702752,0.215293337,250,500,57,11.25,49,3,,,,,,,,,,
0.901550025,0.377605834,0.53075624,0.626853284,0.123907293,0.206223827,250,500,57,11.25,49,11,,,,,,,,,,
0.920591449,0.308679115,0.459264864,0.647137371,0.09547923,0.165979795,250,500,57,11.25,49,19,,,,,,,,,,
0.847849316,0.107335158,0.189796159,0.648879626,0.064016425,0.116259652,250,500,57,20,5,3,,,,,,,,,,
0.817576518,0.097079287,0.172090589,0.659054211,0.033986944,0.06461567,250,500,57,20,5,11,,,,,,,,,,
0.867705942,0.08325277,0.15087834,0.666852719,0.046476546,0.086449277,250,500,57,20,5,19,,,,,,,,,,
0.884082343,0.248389464,0.383642861,0.617222685,0.092058069,0.159856418,250,500,57,20,27,3,,,,,,,,,,
0.938974009,0.202637885,0.328646982,0.619357249,0.044239086,0.082555137,250,500,57,20,27,11,,,,,,,,,,
0.910766166,0.183202272,0.299241755,0.625385964,0.042410405,0.079377242,250,500,57,20,27,19,,,,,,,,,,
0.928201308,0.336122929,0.48795889,0.629225524,0.098112589,0.169139163,250,500,57,20,49,3,,,,,,,,,,
0.91604833,0.306250015,0.454040351,0.714551047,0.108478125,0.188303827,250,500,57,20,49,11,,,,,,,,,,
0.918916122,0.252528519,0.387725512,0.53815633,0.066017798,0.117295873,250,500,57,20,49,19,,,,,,,,,,
0.764681668,0.510636718,0.611970021,0.742066106,0.48344834,0.585412811,250,500,99,2.5,5,3,,,,,,,,,,
0.815966889,0.473249555,0.596830951,0.787596739,0.45014351,0.572353148,250,500,99,2.5,5,11,,,,,,,,,,
0.813349868,0.476283301,0.599166714,0.804272232,0.480568155,0.601616473,250,500,99,2.5,5,19,,,,,,,,,,
0.806678279,0.548852761,0.652533527,0.691716778,0.373898484,0.485295794,250,500,99,2.5,27,3,,,,,,,,,,
0.835741231,0.465506271,0.596286225,0.734557995,0.358364375,0.481661764,250,500,99,2.5,27,11,,,,,,,,,,
0.812860269,0.495755002,0.614791938,0.746138381,0.341806693,0.468483781,250,500,99,2.5,27,19,,,,,,,,,,
0.767330052,0.569912283,0.653635013,0.637170673,0.392585306,0.485699777,250,500,99,2.5,49,3,,,,,,,,,,
0.822785013,0.548953151,0.657017634,0.684737873,0.311338097,0.427981616,250,500,99,2.5,49,11,,,,,,,,,,
0.836302978,0.514871809,0.636068841,0.706679239,0.30059276,0.421243461,250,500,99,2.5,49,19,,,,,,,,,,
0.847758403,0.16334987,0.272763701,0.745543235,0.125854987,0.215073245,250,500,99,11.25,5,3,,,,,,,,,,
0.847178594,0.151216544,0.254750736,0.742268717,0.122955886,0.210909878,250,500,99,11.25,5,11,,,,,,,,,,
0.845513769,0.181089389,0.296539316,0.752132368,0.129510321,0.220933364,250,500,99,11.25,5,19,,,,,,,,,,
0.883329214,0.324134188,0.472833127,0.632711505,0.174213313,0.27307303,250,500,99,11.25,27,3,,,,,,,,,,
0.886807512,0.279287107,0.423520729,0.685203545,0.118662245,0.202002199,250,500,99,11.25,27,11,,,,,,,,,,
0.891974342,0.251306567,0.388493036,0.683407621,0.095636128,0.167709113,250,500,99,11.25,27,19,,,,,,,,,,
0.860049677,0.397487993,0.542093105,0.670799442,0.169632396,0.270707215,250,500,99,11.25,49,3,,,,,,,,,,
0.910378664,0.361674637,0.516218101,0.579750568,0.128257597,0.209106681,250,500,99,11.25,49,11,,,,,,,,,,
0.908669657,0.30159056,0.449987127,0.629533321,0.122473492,0.204602582,250,500,99,11.25,49,19,,,,,,,,,,
0.811887,0.111892566,0.196234629,0.671015884,0.079099256,0.141472907,250,500,99,20,5,3,,,,,,,,,,
0.871889427,0.092443547,0.165850909,0.701166514,0.055073518,0.102114756,250,500,99,20,5,11,,,,,,,,,,
0.85453551,0.093119257,0.167203097,0.742630581,0.05675841,0.105332317,250,500,99,20,5,19,,,,,,,,,,
0.911856562,0.252475015,0.391196901,0.67593844,0.078193339,0.139874949,250,500,99,20,27,3,,,,,,,,,,
0.916668087,0.212456546,0.338941538,0.643060914,0.061683484,0.112523174,250,500,99,20,27,11,,,,,,,,,,
0.909550518,0.172564576,0.286829002,0.712339778,0.047978288,0.089839787,250,500,99,20,27,19,,,,,,,,,,
0.916615645,0.344451586,0.498334329,0.682707047,0.124824665,0.210468036,250,500,99,20,49,3,,,,,,,,,,
0.930297194,0.311554712,0.464156502,0.68176493,0.098571596,0.172077198,250,500,99,20,49,11,,,,,,,,,,
0.907435666,0.230623735,0.363272851,0.670252033,0.053973064,0.09969911,250,500,99,20,49,19,,,,,,,,,,
0.878919909,0.563955655,0.686996002,0.858148199,0.537861945,0.661175728,625,50,15,2.5,5,3,,,,,,,,,,
0.885673517,0.474880464,0.617638128,0.85610702,0.475854648,0.611669219,625,50,15,2.5,5,11,,,,,,,,,,
0.896894823,0.540057117,0.673931993,0.875095432,0.536793698,0.665351398,625,50,15,2.5,5,19,,,,,,,,,,
0.773199213,0.495684542,0.604001135,0.599991456,0.28482604,0.386246466,625,50,15,2.5,27,3,,,,,,,,,,
0.842116504,0.572302127,0.680494053,0.585775922,0.372698128,0.455391712,625,50,15,2.5,27,11,,,,,,,,,,
0.839801137,0.57087524,0.678940522,0.715007315,0.451934713,0.553659907,625,50,15,2.5,27,19,,,,,,,,,,
0.871261973,0.575211842,0.692199891,0.546473728,0.221189371,0.313775967,625,50,15,2.5,49,3,,,,,,,,,,
0.847985865,0.504522654,0.630350513,0.701802996,0.28384742,0.403983697,625,50,15,2.5,49,11,,,,,,,,,,
0.865838497,0.615932524,0.71911408,0.694827905,0.261972481,0.37855155,625,50,15,2.5,49,19,,,,,,,,,,
0.771447629,0.174491783,0.284448273,0.773830541,0.138962342,0.235465854,625,50,15,11.25,5,3,,,,,,,,,,
0.827583525,0.168981445,0.2788002,0.695131625,0.091917049,0.162234241,625,50,15,11.25,5,11,,,,,,,,,,
0.855534281,0.181948708,0.297822045,0.747655683,0.144107577,0.241066723,625,50,15,11.25,5,19,,,,,,,,,,
0.910851225,0.321829763,0.472953876,0.608524002,0.161900057,0.254622614,625,50,15,11.25,27,3,,,,,,,,,,
0.941333915,0.332888506,0.490496923,0.723187097,0.149968329,0.248203725,625,50,15,11.25,27,11,,,,,,,,,,
0.903889101,0.340618704,0.49314167,0.547807012,0.109143754,0.180973219,625,50,15,11.25,27,19,,,,,,,,,,
0.944435211,0.396062294,0.554228583,0.82254861,0.101882007,0.180416093,625,50,15,11.25,49,3,,,,,,,,,,
0.928689385,0.372796426,0.524827485,0.448965429,0.089076976,0.148607539,625,50,15,11.25,49,11,,,,,,,,,,
0.954360021,0.395426037,0.555165713,0.734554649,0.091581135,0.16165408,625,50,15,11.25,49,19,,,,,,,,,,
0.794899946,0.076424765,0.138023518,0.713084244,0.034281884,0.065298713,625,50,15,20,5,3,,,,,,,,,,
0.893557431,0.094813748,0.17002964,0.636714869,0.024842735,0.047678816,625,50,15,20,5,11,,,,,,,,,,
0.942367276,0.067807966,0.124695759,0.822375439,0.032688983,0.06271,625,50,15,20,5,19,,,,,,,,,,
0.950736225,0.221077313,0.355102542,0.704217846,0.099869918,0.174386375,625,50,15,20,27,3,,,,,,,,,,
0.895548128,0.251380835,0.388808132,0.665251057,0.084281195,0.147498908,625,50,15,20,27,11,,,,,,,,,,
0.927488905,0.260995101,0.404803125,0.685589887,0.064254695,0.117304706,625,50,15,20,27,19,,,,,,,,,,
0.968827672,0.327515318,0.486634229,0.683955623,0.101415153,0.176497283,625,50,15,20,49,3,,,,,,,,,,
0.940316767,0.279450436,0.422391989,0.488008143,0.016491064,0.031883586,625,50,15,20,49,11,,,,,,,,,,
0.934307873,0.315559806,0.466442963,0.560866774,0.086529462,0.146729962,625,50,15,20,49,19,,,,,,,,,,
0.83097826,0.371016582,0.512137009,0.813769045,0.35504404,0.494292828,625,50,57,2.5,5,3,,,,,,,,,,
0.875850442,0.45290204,0.596085244,0.821419234,0.453569318,0.584299942,625,50,57,2.5,5,11,,,,,,,,,,
0.874385793,0.400642687,0.548562165,0.84988685,0.410066423,0.553103437,625,50,57,2.5,5,19,,,,,,,,,,
0.820559363,0.423691093,0.55665731,0.694241573,0.304519129,0.423161713,625,50,57,2.5,27,3,,,,,,,,,,
0.861790623,0.499964208,0.632590716,0.786528542,0.392733205,0.523800889,625,50,57,2.5,27,11,,,,,,,,,,
0.858414082,0.493064261,0.625303796,0.742497628,0.362995611,0.487566904,625,50,57,2.5,27,19,,,,,,,,,,
0.847357639,0.526849047,0.649371195,0.723308995,0.357403019,0.478366442,625,50,57,2.5,49,3,,,,,,,,,,
0.820746105,0.535767325,0.647901378,0.682986697,0.362030344,0.473208201,625,50,57,2.5,49,11,,,,,,,,,,
0.846389864,0.538955144,0.657610514,0.7504813,0.359308073,0.485863767,625,50,57,2.5,49,19,,,,,,,,,,
0.745575781,0.091166837,0.161442694,0.701333423,0.048015025,0.089824911,625,50,57,11.25,5,3,,,,,,,,,,
0.807474508,0.112199291,0.195157259,0.689262011,0.070214284,0.127288075,625,50,57,11.25,5,11,,,,,,,,,,
0.74657429,0.101342611,0.177306197,0.587823389,0.066796899,0.119720602,625,50,57,11.25,5,19,,,,,,,,,,
0.884434258,0.250723134,0.389082578,0.700859858,0.11746034,0.201042123,625,50,57,11.25,27,3,,,,,,,,,,
0.840359707,0.246324368,0.378565359,0.574518959,0.098263252,0.167672651,625,50,57,11.25,27,11,,,,,,,,,,
0.909832116,0.257998446,0.399928228,0.729593158,0.135857006,0.22901134,625,50,57,11.25,27,19,,,,,,,,,,
0.934692216,0.375348209,0.534223111,0.475596293,0.092529987,0.154788888,625,50,57,11.25,49,3,,,,,,,,,,
0.921519927,0.332404542,0.48518809,0.626256928,0.103338376,0.177208352,625,50,57,11.25,49,11,,,,,,,,,,
0.925504214,0.367882727,0.52325011,0.605480197,0.119893509,0.199896261,625,50,57,11.25,49,19,,,,,,,,,,
0.837004452,0.108319047,0.191470254,0.660050474,0.068771011,0.124007087,625,50,57,20,5,3,,,,,,,,,,
0.809816694,0.058777811,0.108782735,0.574905915,0.035791466,0.067370668,625,50,57,20,5,11,,,,,,,,,,
0.824225422,0.091565338,0.164476676,0.666217188,0.05244476,0.09710997,625,50,57,20,5,19,,,,,,,,,,
0.920803045,0.239394881,0.376932867,0.615213829,0.084169505,0.147971434,625,50,57,20,27,3,,,,,,,,,,
0.902621135,0.222015803,0.353475394,0.642331454,0.092537698,0.161538918,625,50,57,20,27,11,,,,,,,,,,
0.907345585,0.228873671,0.362744135,0.697423735,0.095629136,0.168157935,625,50,57,20,27,19,,,,,,,,,,
0.942610387,0.328391814,0.485360578,0.654485781,0.108770689,0.186213955,625,50,57,20,49,3,,,,,,,,,,
0.931205659,0.279164139,0.428122012,0.649313052,0.097112783,0.168661692,625,50,57,20,49,11,,,,,,,,,,
0.945214389,0.254493621,0.396329582,0.666119172,0.07018897,0.126495051,625,50,57,20,49,19,,,,,,,,,,
0.82829088,0.381439219,0.52165165,0.778197683,0.372908307,0.504192285,625,50,99,2.5,5,3,,,,,,,,,,
0.819607522,0.424099481,0.558499322,0.788281612,0.403682452,0.533926978,625,50,99,2.5,5,11,,,,,,,,,,
0.8338614,0.382904106,0.523968053,0.807097676,0.389664058,0.52557131,625,50,99,2.5,5,19,,,,,,,,,,
0.770823472,0.457914177,0.573995694,0.619067547,0.297283428,0.401556372,625,50,99,2.5,27,3,,,,,,,,,,
0.819977594,0.443183684,0.574850596,0.725858225,0.317670983,0.44174632,625,50,99,2.5,27,11,,,,,,,,,,
0.819119818,0.423446746,0.557256295,0.745756727,0.320146595,0.447920012,625,50,99,2.5,27,19,,,,,,,,,,
0.787174929,0.523169292,0.62802633,0.622610165,0.315896883,0.418972586,625,50,99,2.5,49,3,,,,,,,,,,
0.810561009,0.512546799,0.627710992,0.660270368,0.336411519,0.445679058,625,50,99,2.5,49,11,,,,,,,,,,
0.83800504,0.52013927,0.640694039,0.720653518,0.334545871,0.456873347,625,50,99,2.5,49,19,,,,,,,,,,
0.811841756,0.113883749,0.199420418,0.68852584,0.085844997,0.152623962,625,50,99,11.25,5,3,,,,,,,,,,
0.748109512,0.147395505,0.245613262,0.687955145,0.109197559,0.18823425,625,50,99,11.25,5,11,,,,,,,,,,
0.734207971,0.10741742,0.18529218,0.63252963,0.059057493,0.107518374,625,50,99,11.25,5,19,,,,,,,,,,
0.898800975,0.249049705,0.389202867,0.613531528,0.102758604,0.175865965,625,50,99,11.25,27,3,,,,,,,,,,
0.891146596,0.246111308,0.384714326,0.689510251,0.114235826,0.195978199,625,50,99,11.25,27,11,,,,,,,,,,
0.883202285,0.262656644,0.403389925,0.673695947,0.114057066,0.195075344,625,50,99,11.25,27,19,,,,,,,,,,
0.919016965,0.285687747,0.433171677,0.617241341,0.122811178,0.204757102,625,50,99,11.25,49,3,,,,,,,,,,
0.927293056,0.304543426,0.456117367,0.670150527,0.120491673,0.203936321,625,50,99,11.25,49,11,,,,,,,,,,
0.931923185,0.315354094,0.469076468,0.62341253,0.101387102,0.174281285,625,50,99,11.25,49,19,,,,,,,,,,
0.764050236,0.071830592,0.130221164,0.65262013,0.040625658,0.076012094,625,50,99,20,5,3,,,,,,,,,,
0.787695924,0.09723098,0.172652061,0.663879238,0.064381717,0.117285031,625,50,99,20,5,11,,,,,,,,,,
0.813219203,0.15379333,0.258234812,0.672370397,0.110670972,0.189091755,625,50,99,20,5,19,,,,,,,,,,
0.935332749,0.201998612,0.329994607,0.61400837,0.077013167,0.13683792,625,50,99,20,27,3,,,,,,,,,,
0.936784251,0.194143552,0.319282488,0.741083294,0.065010233,0.119500729,625,50,99,20,27,11,,,,,,,,,,
0.879744657,0.18871717,0.309295421,0.578119141,0.076786241,0.135503174,625,50,99,20,27,19,,,,,,,,,,
0.964363627,0.267640846,0.415563777,0.597160885,0.064215526,0.115808557,625,50,99,20,49,3,,,,,,,,,,
0.946829254,0.256207875,0.400448334,0.695498663,0.076239391,0.137379308,625,50,99,20,49,11,,,,,,,,,,
0.929444511,0.25619819,0.398477307,0.665391479,0.062581811,0.114303496,625,50,99,20,49,19,,,,,,,,,,
0.891089419,0.581315054,0.703209772,0.863232505,0.565687093,0.683437589,625,275,15,2.5,5,3,,,,,,,,,,
0.87735516,0.459714145,0.601514064,0.84863145,0.452307565,0.589733079,625,275,15,2.5,5,11,,,,,,,,,,
0.891308514,0.49271445,0.633854569,0.865860762,0.487938684,0.624125556,625,275,15,2.5,5,19,,,,,,,,,,
0.824037402,0.589391901,0.686359249,0.71343966,0.40456151,0.516142775,625,275,15,2.5,27,3,,,,,,,,,,
0.845580245,0.512397506,0.636559091,0.71568168,0.358309051,0.477046389,625,275,15,2.5,27,11,,,,,,,,,,
0.883756147,0.495825745,0.632540693,0.824453007,0.416100678,0.552571657,625,275,15,2.5,27,19,,,,,,,,,,
0.856959576,0.571919675,0.683781572,0.696786867,0.338625955,0.45481568,625,275,15,2.5,49,3,,,,,,,,,,
0.875059948,0.5683735,0.688099532,0.648802306,0.315340285,0.424230366,625,275,15,2.5,49,11,,,,,,,,,,
0.86599814,0.548472632,0.670958777,0.624152363,0.289047657,0.394837156,625,275,15,2.5,49,19,,,,,,,,,,
0.862357084,0.203093009,0.326684484,0.672037508,0.135407657,0.224586637,625,275,15,11.25,5,3,,,,,,,,,,
0.859283449,0.182349751,0.299306086,0.747813304,0.130323452,0.221928039,625,275,15,11.25,5,11,,,,,,,,,,
0.880059067,0.19217801,0.314843701,0.773264577,0.108198179,0.189814633,625,275,15,11.25,5,19,,,,,,,,,,
0.905408304,0.29010351,0.4371999,0.690307751,0.139056673,0.231345415,625,275,15,11.25,27,3,,,,,,,,,,
0.88394407,0.262091694,0.399163296,0.605026347,0.0770505,0.136505786,625,275,15,11.25,27,11,,,,,,,,,,
0.88763444,0.296343872,0.434499267,0.657369284,0.12491079,0.209743518,625,275,15,11.25,27,19,,,,,,,,,,
0.906701614,0.407415022,0.555076507,0.626526862,0.127137343,0.211308761,625,275,15,11.25,49,3,,,,,,,,,,
0.933322136,0.345250076,0.498077572,0.627323672,0.122702764,0.205198,625,275,15,11.25,49,11,,,,,,,,,,
0.91717999,0.370259884,0.525003497,0.669266784,0.102463992,0.177497089,625,275,15,11.25,49,19,,,,,,,,,,
0.820490024,0.106431269,0.185800858,0.631019641,0.06590376,0.118754908,625,275,15,20,5,3,,,,,,,,,,
0.745053402,0.097699877,0.169728294,0.424568036,0.021556437,0.041008,625,275,15,20,5,11,,,,,,,,,,
0.907644693,0.119765318,0.209506546,0.810026042,0.069182781,0.127431941,625,275,15,20,5,19,,,,,,,,,,
0.958400604,0.259448604,0.405878803,0.926273595,0.111808299,0.199336858,625,275,15,20,27,3,,,,,,,,,,
0.917208359,0.211435763,0.335461771,0.784757837,0.043513263,0.082217863,625,275,15,20,27,11,,,,,,,,,,
0.930160566,0.198834577,0.322266168,0.635423739,0.040610651,0.076039106,625,275,15,20,27,19,,,,,,,,,,
0.950437498,0.359384365,0.51531797,0.586133607,0.05569771,0.101366287,625,275,15,20,49,3,,,,,,,,,,
0.9294353,0.346003,0.500489649,0.740229713,0.09079908,0.161487945,625,275,15,20,49,11,,,,,,,,,,
0.962281372,0.240777624,0.380515813,0.783682699,0.068046682,0.124949435,625,275,15,20,49,19,,,,,,,,,,
0.78940041,0.496513329,0.607409346,0.797727416,0.464398425,0.586572039,625,275,57,2.5,5,3,,,,,,,,,,
0.810215684,0.494748368,0.612938313,0.780786574,0.482210343,0.596136418,625,275,57,2.5,5,11,,,,,,,,,,
0.844785777,0.477406792,0.609050128,0.812898867,0.479283335,0.60281099,625,275,57,2.5,5,19,,,,,,,,,,
0.757184401,0.548046857,0.635564267,0.632049125,0.399915914,0.489833846,625,275,57,2.5,27,3,,,,,,,,,,
0.793709467,0.481554517,0.599114359,0.703073626,0.329271871,0.44798863,625,275,57,2.5,27,11,,,,,,,,,,
0.889594717,0.473006683,0.616205536,0.784393315,0.339761847,0.474106059,625,275,57,2.5,27,19,,,,,,,,,,
0.811741226,0.599682786,0.689141692,0.652183503,0.359772207,0.463501076,625,275,57,2.5,49,3,,,,,,,,,,
0.831571574,0.562636539,0.67000414,0.694147458,0.353629402,0.468307169,625,275,57,2.5,49,11,,,,,,,,,,
0.849281947,0.509595018,0.635741672,0.727201543,0.307035538,0.431703196,625,275,57,2.5,49,19,,,,,,,,,,
0.829699718,0.153480483,0.258024179,0.707911997,0.113562126,0.195563724,625,275,57,11.25,5,3,,,,,,,,,,
0.860370148,0.158888057,0.265985234,0.773992346,0.128678078,0.220556565,625,275,57,11.25,5,11,,,,,,,,,,
0.872056323,0.183812805,0.302441683,0.781064682,0.158051767,0.262855881,625,275,57,11.25,5,19,,,,,,,,,,
0.899053008,0.313350733,0.463526137,0.638323956,0.163737721,0.260577576,625,275,57,11.25,27,3,,,,,,,,,,
0.879625737,0.26671402,0.407285899,0.705955833,0.130535271,0.220310815,625,275,57,11.25,27,11,,,,,,,,,,
0.897557413,0.250424203,0.390000598,0.767744957,0.126667619,0.217280124,625,275,57,11.25,27,19,,,,,,,,,,
0.915588986,0.402258825,0.556568275,0.650821049,0.18267687,0.28487325,625,275,57,11.25,49,3,,,,,,,,,,
0.927228008,0.367119851,0.524602494,0.713637101,0.122462607,0.208663807,625,275,57,11.25,49,11,,,,,,,,,,
0.92031899,0.336250778,0.489716396,0.708333982,0.141265972,0.235517921,625,275,57,11.25,49,19,,,,,,,,,,
0.83803583,0.132152139,0.227540424,0.706681563,0.100097399,0.175071728,625,275,57,20,5,3,,,,,,,,,,
0.886054503,0.104996049,0.187137138,0.719206139,0.071627681,0.130212301,625,275,57,20,5,11,,,,,,,,,,
0.878970077,0.102830724,0.183348051,0.746281367,0.0790199,0.142831371,625,275,57,20,5,19,,,,,,,,,,
0.885606632,0.269457037,0.411062274,0.594392024,0.111795034,0.188182523,625,275,57,20,27,3,,,,,,,,,,
0.889332941,0.241705934,0.377381632,0.7168681,0.101331561,0.177388077,625,275,57,20,27,11,,,,,,,,,,
0.920785576,0.192065772,0.314103645,0.611291447,0.062222989,0.112902575,625,275,57,20,27,19,,,,,,,,,,
0.948757522,0.381232523,0.542649004,0.655767978,0.140506353,0.230555494,625,275,57,20,49,3,,,,,,,,,,
0.933813521,0.289016857,0.43767552,0.571489151,0.081508405,0.142314087,625,275,57,20,49,11,,,,,,,,,,
0.943007189,0.246685751,0.388609755,0.682034827,0.063831528,0.115749778,625,275,57,20,49,19,,,,,,,,,,
0.79051487,0.457208023,0.578701171,0.747748442,0.431275129,0.546946102,625,275,99,2.5,5,3,,,,,,,,,,
0.821508071,0.435963585,0.568627265,0.793822548,0.437716088,0.564203554,625,275,99,2.5,5,11,,,,,,,,,,
0.80400759,0.462266477,0.586002083,0.774257133,0.444415981,0.564395014,625,275,99,2.5,5,19,,,,,,,,,,
0.798591419,0.486067324,0.60361599,0.69334946,0.35298179,0.467606876,625,275,99,2.5,27,3,,,,,,,,,,
0.833275781,0.460186823,0.591711167,0.750564525,0.356535777,0.483414087,625,275,99,2.5,27,11,,,,,,,,,,
0.83016494,0.431771331,0.566873389,0.73867746,0.313152442,0.439755247,625,275,99,2.5,27,19,,,,,,,,,,
0.795679798,0.564654226,0.660213658,0.633926502,0.342770712,0.444895569,625,275,99,2.5,49,3,,,,,,,,,,
0.821508853,0.527024606,0.64073882,0.698166408,0.315083583,0.434151493,625,275,99,2.5,49,11,,,,,,,,,,
0.84197144,0.544589574,0.660442135,0.720921314,0.360853892,0.480911453,625,275,99,2.5,49,19,,,,,,,,,,
0.837217152,0.141781483,0.240903712,0.703429966,0.099836485,0.174732453,625,275,99,11.25,5,3,,,,,,,,,,
0.817274427,0.170939785,0.281472129,0.707739607,0.137941938,0.230865782,625,275,99,11.25,5,11,,,,,,,,,,
0.830316934,0.166024533,0.274879909,0.745285784,0.142850546,0.239637072,625,275,99,11.25,5,19,,,,,,,,,,
0.860773972,0.29864931,0.442094691,0.637580304,0.144681918,0.235811159,625,275,99,11.25,27,3,,,,,,,,,,
0.904107056,0.270335111,0.414029698,0.710362121,0.119534527,0.204572056,625,275,99,11.25,27,11,,,,,,,,,,
0.878293298,0.235170257,0.368301122,0.685902191,0.111829596,0.192288492,625,275,99,11.25,27,19,,,,,,,,,,
0.921822427,0.389950913,0.546202434,0.697267028,0.166256381,0.268297914,625,275,99,11.25,49,3,,,,,,,,,,
0.895272703,0.3479521,0.499152897,0.677790535,0.134224999,0.223800771,625,275,99,11.25,49,11,,,,,,,,,,
0.906987589,0.32636334,0.478239558,0.743856414,0.145984015,0.243800686,625,275,99,11.25,49,19,,,,,,,,,,
0.821080708,0.09951713,0.176714496,0.703191775,0.067495712,0.12305044,625,275,99,20,5,3,,,,,,,,,,
0.848161219,0.11434325,0.200438384,0.732105416,0.085501128,0.153112435,625,275,99,20,5,11,,,,,,,,,,
0.872470251,0.115167932,0.203037401,0.720034714,0.081143333,0.145822645,625,275,99,20,5,19,,,,,,,,,,
0.887693694,0.240927542,0.378023971,0.668268384,0.107370893,0.184466368,625,275,99,20,27,3,,,,,,,,,,
0.894625109,0.209333229,0.337204895,0.637414763,0.09184083,0.160389352,625,275,99,20,27,11,,,,,,,,,,
0.917786665,0.185362839,0.305849072,0.737183155,0.064398629,0.118416753,625,275,99,20,27,19,,,,,,,,,,
0.930597093,0.324044013,0.478265525,0.732266609,0.093783993,0.166156317,625,275,99,20,49,3,,,,,,,,,,
0.933765997,0.263713408,0.408138944,0.658988699,0.070030388,0.126315062,625,275,99,20,49,11,,,,,,,,,,
0.92775933,0.265666519,0.409525244,0.757966422,0.079194712,0.143211521,625,275,99,20,49,19,,,,,,,,,,
0.83019422,0.47032058,0.597391348,0.81647306,0.460983379,0.588858245,625,500,15,2.5,5,3,,,,,,,,,,
0.737291066,0.450592455,0.5590929,0.712026451,0.431173958,0.536506217,625,500,15,2.5,5,11,,,,,,,,,,
0.857793151,0.428818942,0.569541943,0.834387222,0.434036848,0.570814857,625,500,15,2.5,5,19,,,,,,,,,,
0.848431799,0.587819669,0.694240356,0.708372772,0.380698743,0.494952145,625,500,15,2.5,27,3,,,,,,,,,,
0.859420226,0.50320742,0.631745993,0.754474171,0.380921946,0.505695107,625,500,15,2.5,27,11,,,,,,,,,,
0.88019833,0.563190616,0.68572766,0.824082114,0.497190348,0.619789908,625,500,15,2.5,27,19,,,,,,,,,,
0.868220203,0.564534567,0.683684879,0.676050693,0.325095157,0.439002691,625,500,15,2.5,49,3,,,,,,,,,,
0.876446216,0.595678248,0.706040785,0.708953552,0.300265895,0.421827314,625,500,15,2.5,49,11,,,,,,,,,,
0.902601779,0.51997934,0.656995985,0.719493914,0.277117917,0.399846413,625,500,15,2.5,49,19,,,,,,,,,,
0.850196395,0.295398454,0.436774111,0.732454769,0.255060157,0.375935108,625,500,15,11.25,5,3,,,,,,,,,,
0.80830802,0.169464089,0.278431348,0.688056897,0.110778266,0.19018446,625,500,15,11.25,5,11,,,,,,,,,,
0.884083015,0.174750336,0.290934518,0.690878466,0.123689139,0.209397475,625,500,15,11.25,5,19,,,,,,,,,,
0.906277265,0.303403842,0.447875714,0.567754662,0.087924777,0.151175966,625,500,15,11.25,27,3,,,,,,,,,,
0.870809745,0.296077402,0.44039425,0.643972259,0.111079273,0.189163429,625,500,15,11.25,27,11,,,,,,,,,,
0.923951012,0.273736362,0.411304993,0.657977137,0.1122524,0.191535743,625,500,15,11.25,27,19,,,,,,,,,,
0.954222109,0.434807771,0.594533665,0.720900301,0.089109158,0.157796654,625,500,15,11.25,49,3,,,,,,,,,,
0.924970423,0.441434863,0.595042395,0.775398573,0.245725834,0.372952575,625,500,15,11.25,49,11,,,,,,,,,,
0.943944125,0.377983413,0.536453306,0.628105666,0.097371452,0.165721295,625,500,15,11.25,49,19,,,,,,,,,,
0.881618491,0.138917658,0.23895642,0.616676691,0.090480757,0.157169466,625,500,15,20,5,3,,,,,,,,,,
0.864223926,0.139443988,0.236735215,0.675733187,0.057339502,0.10569283,625,500,15,20,5,11,,,,,,,,,,
0.942063448,0.102694702,0.182362094,0.773629142,0.054708625,0.102081418,625,500,15,20,5,19,,,,,,,,,,
0.834624395,0.259598319,0.385359149,0.663155388,0.09626036,0.167739061,625,500,15,20,27,3,,,,,,,,,,
0.928486878,0.256390936,0.398970247,0.629641872,0.066887774,0.120051629,625,500,15,20,27,11,,,,,,,,,,
0.987603317,0.201048161,0.314888772,0.631678178,0.017392706,0.033430276,625,500,15,20,27,19,,,,,,,,,,
0.95186079,0.380493501,0.537417725,0.856176785,0.074203976,0.135834564,625,500,15,20,49,3,,,,,,,,,,
0.96872509,0.293129491,0.428171931,0.657984212,0.018959921,0.036752149,625,500,15,20,49,11,,,,,,,,,,
0.923799258,0.259121208,0.403308269,0.589795378,0.05906256,0.106801312,625,500,15,20,49,19,,,,,,,,,,
0.785198921,0.416753265,0.540742257,0.754367554,0.388538992,0.511584906,625,500,57,2.5,5,3,,,,,,,,,,
0.836766441,0.463226619,0.594696885,0.813279579,0.472375873,0.597354955,625,500,57,2.5,5,11,,,,,,,,,,
0.81927406,0.484371402,0.606775112,0.796146144,0.463759106,0.585713467,625,500,57,2.5,5,19,,,,,,,,,,
0.832287757,0.531250212,0.648220331,0.704854765,0.341964898,0.460367943,625,500,57,2.5,27,3,,,,,,,,,,
0.808532444,0.499835771,0.616441024,0.738971823,0.368877043,0.492084485,625,500,57,2.5,27,11,,,,,,,,,,
0.864860486,0.482472437,0.617061068,0.789281701,0.371520291,0.505172733,625,500,57,2.5,27,19,,,,,,,,,,
0.807680452,0.582683726,0.676103023,0.680156715,0.365695324,0.475342964,625,500,57,2.5,49,3,,,,,,,,,,
0.862574095,0.588575839,0.699075691,0.718003456,0.356235107,0.476016129,625,500,57,2.5,49,11,,,,,,,,,,
0.845713966,0.557586751,0.671061819,0.695582569,0.332096751,0.449534923,625,500,57,2.5,49,19,,,,,,,,,,
0.828114741,0.21204232,0.336277264,0.729304503,0.160633202,0.263199827,625,500,57,11.25,5,3,,,,,,,,,,
0.858349631,0.17102765,0.28321066,0.757549708,0.123621848,0.212453692,625,500,57,11.25,5,11,,,,,,,,,,
0.870768218,0.185241659,0.303525883,0.786624233,0.159832093,0.265637645,625,500,57,11.25,5,19,,,,,,,,,,
0.873433107,0.31040862,0.456602181,0.61145778,0.147326108,0.237174638,625,500,57,11.25,27,3,,,,,,,,,,
0.903950668,0.257743823,0.398903449,0.71112873,0.107437623,0.186592121,625,500,57,11.25,27,11,,,,,,,,,,
0.892323337,0.264210871,0.405301243,0.68443789,0.114191179,0.195663863,625,500,57,11.25,27,19,,,,,,,,,,
0.92195339,0.4281487,0.581972897,0.617381559,0.153604255,0.24595427,625,500,57,11.25,49,3,,,,,,,,,,
0.910824066,0.408198557,0.562375875,0.711573525,0.139250436,0.232058981,625,500,57,11.25,49,11,,,,,,,,,,
0.91736664,0.321025751,0.472187718,0.753301558,0.128857209,0.219948423,625,500,57,11.25,49,19,,,,,,,,,,
0.853422515,0.107265068,0.189876661,0.689741134,0.071216271,0.128999847,625,500,57,20,5,3,,,,,,,,,,
0.853738675,0.111580264,0.19582989,0.687456425,0.064826701,0.118408772,625,500,57,20,5,11,,,,,,,,,,
0.881897488,0.100028651,0.178075246,0.7816818,0.076640493,0.139408667,625,500,57,20,5,19,,,,,,,,,,
0.881623572,0.248152148,0.384844041,0.59247515,0.096688362,0.166229859,625,500,57,20,27,3,,,,,,,,,,
0.9214997,0.194637335,0.318315355,0.699315944,0.079553938,0.142797084,625,500,57,20,27,11,,,,,,,,,,
0.922100118,0.219260149,0.350303976,0.659288024,0.081454046,0.144789061,625,500,57,20,27,19,,,,,,,,,,
0.963879338,0.341169974,0.500716054,0.602395283,0.075779566,0.134504817,625,500,57,20,49,3,,,,,,,,,,
0.92115328,0.315406467,0.466505967,0.788565393,0.109770071,0.191990676,625,500,57,20,49,11,,,,,,,,,,
0.941147223,0.26891425,0.41182058,0.747308691,0.078105904,0.141042673,625,500,57,20,49,19,,,,,,,,,,
0.765231449,0.428343718,0.546873236,0.748494927,0.389965148,0.512319228,625,500,99,2.5,5,3,,,,,,,,,,
0.797126962,0.473991608,0.593494082,0.767799546,0.466478309,0.580186038,625,500,99,2.5,5,11,,,,,,,,,,
0.807180903,0.466776736,0.589811602,0.773803563,0.448133838,0.567334485,625,500,99,2.5,5,19,,,,,,,,,,
0.794868471,0.496924885,0.61086894,0.714330308,0.353971641,0.473209123,625,500,99,2.5,27,3,,,,,,,,,,
0.826878565,0.470719926,0.598442849,0.729395713,0.344980755,0.468349602,625,500,99,2.5,27,11,,,,,,,,,,
0.836836042,0.46808811,0.599353623,0.756746018,0.355941665,0.484065531,625,500,99,2.5,27,19,,,,,,,,,,
0.780861435,0.595398584,0.675088869,0.635725812,0.375420637,0.471979038,625,500,99,2.5,49,3,,,,,,,,,,
0.840648826,0.546388441,0.660388249,0.690256994,0.352799966,0.46677872,625,500,99,2.5,49,11,,,,,,,,,,
0.832311079,0.512168859,0.632788132,0.710949982,0.303781948,0.425476485,625,500,99,2.5,49,19,,,,,,,,,,
0.82407892,0.177105614,0.290486936,0.756759472,0.137788905,0.232985378,625,500,99,11.25,5,3,,,,,,,,,,
0.862704908,0.186844821,0.305959291,0.789213812,0.152160255,0.255095196,625,500,99,11.25,5,11,,,,,,,,,,
0.84378088,0.182375604,0.299104011,0.741579933,0.149403397,0.248666381,625,500,99,11.25,5,19,,,,,,,,,,
0.884274365,0.327328572,0.476456686,0.670626447,0.169249159,0.270114755,625,500,99,11.25,27,3,,,,,,,,,,
0.871868314,0.281260415,0.423368099,0.641278176,0.135421392,0.223562824,625,500,99,11.25,27,11,,,,,,,,,,
0.883410821,0.260908422,0.400587336,0.709247198,0.1200069,0.205179409,625,500,99,11.25,27,19,,,,,,,,,,
0.923196686,0.400675653,0.556465308,0.703881507,0.171118712,0.275255722,625,500,99,11.25,49,3,,,,,,,,,,
0.903813854,0.373112788,0.526436781,0.728599849,0.157512084,0.258689698,625,500,99,11.25,49,11,,,,,,,,,,
0.892656827,0.313649318,0.461773938,0.70051534,0.117565263,0.201126642,625,500,99,11.25,49,19,,,,,,,,,,
0.814990861,0.120991899,0.209702563,0.734295141,0.078807234,0.142311719,625,500,99,20,5,3,,,,,,,,,,
0.857558497,0.10936445,0.193341286,0.748847699,0.0812194,0.146416938,625,500,99,20,5,11,,,,,,,,,,
0.858367479,0.105612098,0.186932475,0.697292867,0.066971955,0.122167443,625,500,99,20,5,19,,,,,,,,,,
0.905348291,0.27147141,0.416625139,0.629361238,0.116474156,0.196528965,625,500,99,20,27,3,,,,,,,,,,
0.92039142,0.216529451,0.348141216,0.748542896,0.084827395,0.152244663,625,500,99,20,27,11,,,,,,,,,,
0.903349008,0.194027148,0.317040384,0.644539079,0.06657025,0.120424169,625,500,99,20,27,19,,,,,,,,,,
0.930667715,0.328720658,0.482977215,0.60262008,0.095181988,0.164272866,625,500,99,20,49,3,,,,,,,,,,
0.94346037,0.308981711,0.462259863,0.72255329,0.091058545,0.161665653,625,500,99,20,49,11,,,,,,,,,,
0.93231275,0.26843211,0.413985356,0.644977992,0.073683194,0.13210537,625,500,99,20,49,19,,,,,,,,,,
0.867514996,0.438667091,0.5817769,0.854357685,0.408115883,0.552202301,1000,50,15,2.5,5,3,,,,,,,,,,
0.932424696,0.441067602,0.597998885,0.919149297,0.428354228,0.584245808,1000,50,15,2.5,5,11,,,,,,,,,,
0.925504919,0.788120513,0.851294339,0.909507666,0.761831554,0.829016487,1000,50,15,2.5,5,19,,,,,,,,,,
0.850435803,0.582755616,0.688623137,0.70068337,0.353263686,0.467320276,1000,50,15,2.5,27,3,,,,,,,,,,
0.886322464,0.440396162,0.584473182,0.785076413,0.294896762,0.428611113,1000,50,15,2.5,27,11,,,,,,,,,,
0.849526842,0.43276387,0.571622832,0.702628897,0.243857417,0.361300439,1000,50,15,2.5,27,19,,,,,,,,,,
0.908047475,0.431661643,0.582306641,0.794650398,0.168718761,0.276946312,1000,50,15,2.5,49,3,,,,,,,,,,
0.905480141,0.559214658,0.689589714,0.783560381,0.35677076,0.489669441,1000,50,15,2.5,49,11,,,,,,,,,,
0.895725738,0.507829564,0.647548801,0.80631259,0.290183933,0.42495308,1000,50,15,2.5,49,19,,,,,,,,,,
0.842578342,0.133233337,0.228260753,0.68227014,0.076853646,0.138126256,1000,50,15,11.25,5,3,,,,,,,,,,
0.830963405,0.104405509,0.184838401,0.682806581,0.072687141,0.131332361,1000,50,15,11.25,5,11,,,,,,,,,,
0.878406535,0.156054964,0.264328277,0.794342664,0.104697072,0.184507664,1000,50,15,11.25,5,19,,,,,,,,,,
0.943522936,0.258893306,0.39895944,0.516108489,0.05778762,0.102944877,1000,50,15,11.25,27,3,,,,,,,,,,
0.869583315,0.356395745,0.504796851,0.659379687,0.188704121,0.293331402,1000,50,15,11.25,27,11,,,,,,,,,,
0.925466991,0.265718059,0.409839274,0.771161725,0.120339512,0.207948699,1000,50,15,11.25,27,19,,,,,,,,,,
0.924538417,0.397790684,0.555234319,0.590643515,0.126949999,0.208658649,1000,50,15,11.25,49,3,,,,,,,,,,
0.958241359,0.384905764,0.545594361,0.631629992,0.173853757,0.272179438,1000,50,15,11.25,49,11,,,,,,,,,,
0.962774888,0.347492169,0.503637778,0.67247586,0.062994589,0.114857276,1000,50,15,11.25,49,19,,,,,,,,,,
0.828985836,0.125350641,0.217459832,0.566691409,0.090266512,0.155152046,1000,50,15,20,5,3,,,,,,,,,,
0.824840594,0.061611787,0.113792056,0.704100314,0.037338897,0.070900605,1000,50,15,20,5,11,,,,,,,,,,
0.895458093,0.201526036,0.328676903,0.792730247,0.164406017,0.271501013,1000,50,15,20,5,19,,,,,,,,,,
0.810393426,0.18919728,0.304702366,0.534601791,0.106410923,0.177341009,1000,50,15,20,27,3,,,,,,,,,,
0.923064773,0.240810402,0.379821604,0.792899978,0.103722273,0.183174786,1000,50,15,20,27,11,,,,,,,,,,
0.927776679,0.184730641,0.299415103,0.541120696,0.051886484,0.094365985,1000,50,15,20,27,19,,,,,,,,,,
0.958495044,0.313266172,0.467587378,0.490704258,0.065934576,0.115976096,1000,50,15,20,49,3,,,,,,,,,,
0.887233264,0.344842999,0.491440092,0.725325095,0.153007114,0.251836611,1000,50,15,20,49,11,,,,,,,,,,
0.980054647,0.325901783,0.483173893,0.652974903,0.109377267,0.186333318,1000,50,15,20,49,19,,,,,,,,,,
0.864137352,0.428907746,0.57264131,0.834395866,0.412360572,0.551896555,1000,50,57,2.5,5,3,,,,,,,,,,
0.877767505,0.42852813,0.575587757,0.860828293,0.448148342,0.589382664,1000,50,57,2.5,5,11,,,,,,,,,,
0.874656088,0.446750686,0.590693136,0.84884425,0.444762787,0.583636812,1000,50,57,2.5,5,19,,,,,,,,,,
0.8438086,0.45132406,0.586347654,0.724373916,0.297080174,0.420310911,1000,50,57,2.5,27,3,,,,,,,,,,
0.830805913,0.464258706,0.595047128,0.734022296,0.333751871,0.458804873,1000,50,57,2.5,27,11,,,,,,,,,,
0.864736542,0.486275098,0.621758182,0.76147673,0.381221024,0.507700871,1000,50,57,2.5,27,19,,,,,,,,,,
0.816654251,0.480958717,0.604547522,0.647020686,0.307036586,0.416258007,1000,50,57,2.5,49,3,,,,,,,,,,
0.838496352,0.468892249,0.600925004,0.672081672,0.294772055,0.409791993,1000,50,57,2.5,49,11,,,,,,,,,,
0.881294625,0.501454513,0.63801374,0.76202348,0.32253827,0.453107838,1000,50,57,2.5,49,19,,,,,,,,,,
0.865861725,0.12008914,0.210739382,0.72342362,0.073130962,0.13282423,1000,50,57,11.25,5,3,,,,,,,,,,
0.854827455,0.100420558,0.178805085,0.749411871,0.071030011,0.129683554,1000,50,57,11.25,5,11,,,,,,,,,,
0.798266631,0.1062444,0.186010634,0.708808756,0.069486469,0.126490872,1000,50,57,11.25,5,19,,,,,,,,,,
0.89009558,0.296537983,0.443778178,0.569882688,0.122926667,0.202160876,1000,50,57,11.25,27,3,,,,,,,,,,
0.88393935,0.323779226,0.473011732,0.673596803,0.158179528,0.255928276,1000,50,57,11.25,27,11,,,,,,,,,,
0.926949071,0.275892767,0.422065481,0.754187074,0.117883775,0.203698441,1000,50,57,11.25,27,19,,,,,,,,,,
0.966855104,0.354093745,0.515013541,0.688609715,0.107644548,0.186009175,1000,50,57,11.25,49,3,,,,,,,,,,
0.961658341,0.340721153,0.499757745,0.727518037,0.13538474,0.228242403,1000,50,57,11.25,49,11,,,,,,,,,,
0.940210504,0.405131152,0.56496798,0.762910393,0.13459194,0.228767109,1000,50,57,11.25,49,19,,,,,,,,,,
0.842536542,0.078210317,0.142753002,0.633608389,0.046145711,0.085852868,1000,50,57,20,5,3,,,,,,,,,,
0.82175136,0.077798096,0.140991307,0.612926283,0.03995638,0.075011184,1000,50,57,20,5,11,,,,,,,,,,
0.87104479,0.148207877,0.253197024,0.740327856,0.109391176,0.190167795,1000,50,57,20,5,19,,,,,,,,,,
0.941260243,0.234654724,0.373475036,0.497880443,0.073652025,0.128299454,1000,50,57,20,27,3,,,,,,,,,,
0.914032956,0.223435717,0.356178891,0.625961388,0.075201772,0.134230748,1000,50,57,20,27,11,,,,,,,,,,
0.909644004,0.221571171,0.352978359,0.718598405,0.094890881,0.167600515,1000,50,57,20,27,19,,,,,,,,,,
0.942530591,0.285138277,0.432846945,0.65765022,0.061231458,0.111993463,1000,50,57,20,49,3,,,,,,,,,,
0.953833378,0.323050149,0.479110178,0.739604671,0.100273278,0.176502277,1000,50,57,20,49,11,,,,,,,,,,
0.930952374,0.311152363,0.463418666,0.7073657,0.12511031,0.212494027,1000,50,57,20,49,19,,,,,,,,,,
0.828655897,0.502676112,0.625264588,0.802557497,0.503126665,0.618493989,1000,50,99,2.5,5,3,,,,,,,,,,
0.82103446,0.415947936,0.551260418,0.779471189,0.400777646,0.529338124,1000,50,99,2.5,5,11,,,,,,,,,,
0.824168921,0.422464731,0.556739564,0.805240365,0.415356381,0.547673467,1000,50,99,2.5,5,19,,,,,,,,,,
0.804872204,0.42033923,0.551473601,0.693788261,0.302476127,0.4211481,1000,50,99,2.5,27,3,,,,,,,,,,
0.866106868,0.433379633,0.576954319,0.769429733,0.314244752,0.446131513,1000,50,99,2.5,27,11,,,,,,,,,,
0.826667728,0.400319405,0.538686109,0.746511295,0.289122058,0.416698761,1000,50,99,2.5,27,19,,,,,,,,,,
0.797133085,0.493237684,0.609105561,0.608969291,0.271806165,0.37572481,1000,50,99,2.5,49,3,,,,,,,,,,
0.838192758,0.501365077,0.626141271,0.706046691,0.340474369,0.459201544,1000,50,99,2.5,49,11,,,,,,,,,,
0.805620281,0.517049152,0.62926485,0.642569909,0.324348055,0.430895532,1000,50,99,2.5,49,19,,,,,,,,,,
0.794781792,0.129771984,0.222232665,0.629490283,0.099835739,0.17231466,1000,50,99,11.25,5,3,,,,,,,,,,
0.752019286,0.162789641,0.267544629,0.711954724,0.144088152,0.239346479,1000,50,99,11.25,5,11,,,,,,,,,,
0.802584451,0.144182618,0.244033818,0.718938237,0.107465233,0.186962437,1000,50,99,11.25,5,19,,,,,,,,,,
0.88660926,0.277856675,0.421847366,0.62945427,0.119274935,0.200336142,1000,50,99,11.25,27,3,,,,,,,,,,
0.90466067,0.249557129,0.389710284,0.669486069,0.10004946,0.174016492,1000,50,99,11.25,27,11,,,,,,,,,,
0.908184264,0.259575883,0.402562033,0.764337296,0.116937158,0.202713416,1000,50,99,11.25,27,19,,,,,,,,,,
0.937232355,0.330306246,0.485757394,0.714045298,0.097046133,0.170611943,1000,50,99,11.25,49,3,,,,,,,,,,
0.919886623,0.335975222,0.490343903,0.645778193,0.120938294,0.203428649,1000,50,99,11.25,49,11,,,,,,,,,,
0.929418991,0.314536727,0.467987984,0.567981774,0.099508932,0.169118339,1000,50,99,11.25,49,19,,,,,,,,,,
0.838078682,0.098593018,0.176205886,0.64128899,0.065477224,0.118700092,1000,50,99,20,5,3,,,,,,,,,,
0.803226487,0.101275477,0.179743898,0.659944434,0.07149169,0.128955356,1000,50,99,20,5,11,,,,,,,,,,
0.788481939,0.048570582,0.090392527,0.60938657,0.017502243,0.033995781,1000,50,99,20,5,19,,,,,,,,,,
0.938651416,0.218298839,0.351656266,0.678809934,0.079802343,0.142632412,1000,50,99,20,27,3,,,,,,,,,,
0.916437344,0.196768946,0.321964482,0.709973806,0.077849751,0.140208552,1000,50,99,20,27,11,,,,,,,,,,
0.906182149,0.194704719,0.318846153,0.649846719,0.07815476,0.139520091,1000,50,99,20,27,19,,,,,,,,,,
0.956388139,0.293083991,0.444593536,0.629008611,0.070081,0.126007047,1000,50,99,20,49,3,,,,,,,,,,
0.944788784,0.286693322,0.435938089,0.573766021,0.071457624,0.127040439,1000,50,99,20,49,11,,,,,,,,,,
0.960565495,0.265109159,0.412918146,0.71797718,0.079812768,0.143517586,1000,50,99,20,49,19,,,,,,,,,,
0.868797023,0.705633805,0.778492615,0.848232759,0.693647547,0.762548731,1000,275,15,2.5,5,3,,,,,,,,,,
0.882041395,0.451744393,0.595535336,0.8580185,0.439273924,0.580819117,1000,275,15,2.5,5,11,,,,,,,,,,
0.814869564,0.351765,0.48632069,0.810562118,0.314297367,0.451749365,1000,275,15,2.5,5,19,,,,,,,,,,
0.761428171,0.552964302,0.639652263,0.633533883,0.356666444,0.456077648,1000,275,15,2.5,27,3,,,,,,,,,,
0.849022767,0.474836896,0.60841425,0.749545449,0.371505773,0.496386739,1000,275,15,2.5,27,11,,,,,,,,,,
0.862962461,0.513757425,0.642632293,0.773523324,0.392103468,0.520229061,1000,275,15,2.5,27,19,,,,,,,,,,
0.773378867,0.58029984,0.66280124,0.573642621,0.34651919,0.431996515,1000,275,15,2.5,49,3,,,,,,,,,,
0.862653363,0.483045535,0.617655814,0.7470103,0.361053938,0.486707282,1000,275,15,2.5,49,11,,,,,,,,,,
0.867019317,0.568329693,0.68470893,0.687291776,0.281056771,0.398860924,1000,275,15,2.5,49,19,,,,,,,,,,
0.803050941,0.210518824,0.333209969,0.722610286,0.176980034,0.284183708,1000,275,15,11.25,5,3,,,,,,,,,,
0.832351361,0.19857906,0.319366323,0.717859611,0.145149221,0.241304831,1000,275,15,11.25,5,11,,,,,,,,,,
0.864876748,0.20882104,0.336093642,0.774890383,0.198124653,0.315195165,1000,275,15,11.25,5,19,,,,,,,,,,
0.887028313,0.412281216,0.562717117,0.681841059,0.238951752,0.353851429,1000,275,15,11.25,27,3,,,,,,,,,,
0.918682565,0.30848863,0.45995118,0.592053915,0.10149125,0.170673115,1000,275,15,11.25,27,11,,,,,,,,,,
0.90985216,0.261588862,0.403647446,0.605798359,0.126678432,0.209130861,1000,275,15,11.25,27,19,,,,,,,,,,
0.953762257,0.391353919,0.551476732,0.662771192,0.124554486,0.208680816,1000,275,15,11.25,49,3,,,,,,,,,,
0.972356327,0.366014191,0.525058467,0.674633229,0.081725474,0.145579699,1000,275,15,11.25,49,11,,,,,,,,,,
0.922273405,0.376883487,0.530329725,0.65583163,0.12171318,0.202825147,1000,275,15,11.25,49,19,,,,,,,,,,
0.895941696,0.12064841,0.210705018,0.722692282,0.053469499,0.099529744,1000,275,15,20,5,3,,,,,,,,,,
0.8946393,0.13006956,0.223739264,0.683975656,0.046724493,0.087272308,1000,275,15,20,5,11,,,,,,,,,,
0.877831701,0.103887282,0.184351508,0.684073725,0.043627217,0.081974288,1000,275,15,20,5,19,,,,,,,,,,
0.877051353,0.249339702,0.379171973,0.565276032,0.100745764,0.170913637,1000,275,15,20,27,3,,,,,,,,,,
0.926861411,0.227902356,0.362926394,0.815228458,0.064736299,0.119480415,1000,275,15,20,27,11,,,,,,,,,,
0.936053809,0.230612466,0.364869571,0.677034116,0.037745001,0.071235664,1000,275,15,20,27,19,,,,,,,,,,
0.975968306,0.362914163,0.523844471,0.771661499,0.09904318,0.175029219,1000,275,15,20,49,3,,,,,,,,,,
0.936419284,0.326549817,0.47877632,0.815964672,0.079396684,0.144122557,1000,275,15,20,49,11,,,,,,,,,,
0.972285585,0.290807352,0.438823742,0.597872693,0.022592269,0.043529533,1000,275,15,20,49,19,,,,,,,,,,
0.826863613,0.494630985,0.617705506,0.804386066,0.46262795,0.587190347,1000,275,57,2.5,5,3,,,,,,,,,,
0.829147465,0.468888765,0.597879011,0.804136425,0.480654329,0.601612163,1000,275,57,2.5,5,11,,,,,,,,,,
0.84548429,0.481213273,0.611739471,0.82690703,0.510511372,0.631006735,1000,275,57,2.5,5,19,,,,,,,,,,
0.819798163,0.521587174,0.636965352,0.727269935,0.409808846,0.524055815,1000,275,57,2.5,27,3,,,,,,,,,,
0.866821635,0.457498055,0.598103604,0.797068953,0.348933843,0.485120388,1000,275,57,2.5,27,11,,,,,,,,,,
0.873913579,0.471223024,0.611235875,0.745833872,0.338947853,0.465955602,1000,275,57,2.5,27,19,,,,,,,,,,
0.805269023,0.558254037,0.658992033,0.630852969,0.320043147,0.424476685,1000,275,57,2.5,49,3,,,,,,,,,,
0.830718215,0.531026127,0.646955505,0.66757795,0.282601424,0.397007371,1000,275,57,2.5,49,11,,,,,,,,,,
0.852110005,0.513665973,0.640249427,0.743815309,0.341733942,0.467660915,1000,275,57,2.5,49,19,,,,,,,,,,
0.806324091,0.166250946,0.274987559,0.746413814,0.136378565,0.23060278,1000,275,57,11.25,5,3,,,,,,,,,,
0.891204657,0.184692498,0.304877114,0.816615692,0.149001151,0.251963422,1000,275,57,11.25,5,11,,,,,,,,,,
0.874356927,0.178741748,0.295561404,0.799599928,0.151817516,0.255159672,1000,275,57,11.25,5,19,,,,,,,,,,
0.916445258,0.268040123,0.411786425,0.725586218,0.110299405,0.191451473,1000,275,57,11.25,27,3,,,,,,,,,,
0.888230225,0.313151172,0.462179091,0.70400575,0.161702512,0.262719775,1000,275,57,11.25,27,11,,,,,,,,,,
0.89536599,0.265317333,0.406555072,0.749389135,0.131461719,0.22366934,1000,275,57,11.25,27,19,,,,,,,,,,
0.921369204,0.36332059,0.518732596,0.624556927,0.148559068,0.239906912,1000,275,57,11.25,49,3,,,,,,,,,,
0.923545208,0.349195579,0.504971062,0.628774871,0.130091218,0.215256866,1000,275,57,11.25,49,11,,,,,,,,,,
0.894697819,0.351507299,0.502168767,0.63934034,0.135564894,0.223519461,1000,275,57,11.25,49,19,,,,,,,,,,
0.831831645,0.094554066,0.169116894,0.700708475,0.05881207,0.108502212,1000,275,57,20,5,3,,,,,,,,,,
0.888552893,0.115004337,0.202770559,0.761256659,0.074773341,0.136165081,1000,275,57,20,5,11,,,,,,,,,,
0.87284856,0.142101666,0.243478515,0.769370516,0.104909617,0.184572134,1000,275,57,20,5,19,,,,,,,,,,
0.924901556,0.244926526,0.385588233,0.613276924,0.089911264,0.156549435,1000,275,57,20,27,3,,,,,,,,,,
0.924667365,0.254598696,0.396343366,0.690822633,0.105412828,0.182813901,1000,275,57,20,27,11,,,,,,,,,,
0.932607891,0.214149879,0.345693376,0.729670597,0.082719701,0.148570736,1000,275,57,20,27,19,,,,,,,,,,
0.943652291,0.357959551,0.517192826,0.70089457,0.114845945,0.196822728,1000,275,57,20,49,3,,,,,,,,,,
0.958836934,0.307027579,0.461025733,0.819171757,0.085021085,0.153844996,1000,275,57,20,49,11,,,,,,,,,,
0.948532627,0.298386325,0.450699452,0.727870209,0.07697268,0.138936154,1000,275,57,20,49,19,,,,,,,,,,
0.81691323,0.485126394,0.608567058,0.784393278,0.452229428,0.573476549,1000,275,99,2.5,5,3,,,,,,,,,,
0.829520377,0.434682778,0.568726282,0.805226235,0.429660432,0.560077734,1000,275,99,2.5,5,11,,,,,,,,,,
0.813450955,0.466625619,0.592217043,0.790735297,0.452315896,0.575438959,1000,275,99,2.5,5,19,,,,,,,,,,
0.785591949,0.51779383,0.623230724,0.652982765,0.353881864,0.458775188,1000,275,99,2.5,27,3,,,,,,,,,,
0.827996236,0.466721771,0.59566657,0.751261804,0.349919474,0.477389149,1000,275,99,2.5,27,11,,,,,,,,,,
0.853740414,0.457222236,0.593698014,0.786313093,0.341320899,0.475843151,1000,275,99,2.5,27,19,,,,,,,,,,
0.811621324,0.568973145,0.668238449,0.674171803,0.355641661,0.465371594,1000,275,99,2.5,49,3,,,,,,,,,,
0.827035073,0.547198608,0.65715518,0.70215856,0.347996611,0.465153894,1000,275,99,2.5,49,11,,,,,,,,,,
0.846582879,0.509823217,0.6360073,0.690559795,0.301226784,0.418964597,1000,275,99,2.5,49,19,,,,,,,,,,
0.806166361,0.143285878,0.242752258,0.696599175,0.092805393,0.163774582,1000,275,99,11.25,5,3,,,,,,,,,,
0.858924504,0.22105694,0.350911926,0.80129241,0.184753632,0.300265567,1000,275,99,11.25,5,11,,,,,,,,,,
0.870058625,0.165298948,0.277033012,0.785430378,0.138276706,0.2351515,1000,275,99,11.25,5,19,,,,,,,,,,
0.885655526,0.315653828,0.46406799,0.657596783,0.155630637,0.251612238,1000,275,99,11.25,27,3,,,,,,,,,,
0.882009379,0.291554784,0.437026761,0.700669112,0.152950031,0.251070837,1000,275,99,11.25,27,11,,,,,,,,,,
0.914127291,0.259383184,0.402815793,0.736122112,0.126455408,0.215743677,1000,275,99,11.25,27,19,,,,,,,,,,
0.914282462,0.381054573,0.536281408,0.602455763,0.149322115,0.238902805,1000,275,99,11.25,49,3,,,,,,,,,,
0.902909085,0.347544744,0.500879013,0.628181012,0.159074958,0.252832415,1000,275,99,11.25,49,11,,,,,,,,,,
0.924809293,0.321466538,0.475750869,0.707900813,0.117110314,0.200507471,1000,275,99,11.25,49,19,,,,,,,,,,
0.820500384,0.120621835,0.209509321,0.658153208,0.089607566,0.157506858,1000,275,99,20,5,3,,,,,,,,,,
0.869900779,0.111742225,0.197037912,0.765985751,0.085069177,0.153092199,1000,275,99,20,5,11,,,,,,,,,,
0.861751098,0.126868798,0.220121564,0.738684235,0.086074321,0.154176269,1000,275,99,20,5,19,,,,,,,,,,
0.920999432,0.240495379,0.379424448,0.68046852,0.094460456,0.165864698,1000,275,99,20,27,3,,,,,,,,,,
0.921192337,0.218222037,0.351591486,0.708262727,0.077627225,0.139798786,1000,275,99,20,27,11,,,,,,,,,,
0.90377963,0.219367618,0.351187594,0.729275176,0.093390984,0.165191557,1000,275,99,20,27,19,,,,,,,,,,
0.94110817,0.334213801,0.489747405,0.703533672,0.097355822,0.170994767,1000,275,99,20,49,3,,,,,,,,,,
0.936096788,0.300746637,0.453202572,0.667569019,0.105618632,0.182368696,1000,275,99,20,49,11,,,,,,,,,,
0.953462489,0.272335439,0.420936933,0.710069695,0.076931736,0.138701842,1000,275,99,20,49,19,,,,,,,,,,
0.897961729,0.486550566,0.629185954,0.869302049,0.458033193,0.599675359,1000,500,15,2.5,5,3,,,,,,,,,,
0.807268553,0.443731556,0.571868752,0.77183238,0.438878536,0.559536407,1000,500,15,2.5,5,11,,,,,,,,,,
0.848187834,0.531702572,0.653164927,0.818831038,0.537969736,0.649220442,1000,500,15,2.5,5,19,,,,,,,,,,
0.853068719,0.516740788,0.638459877,0.751803744,0.428343872,0.545040737,1000,500,15,2.5,27,3,,,,,,,,,,
0.838795844,0.550290266,0.66411139,0.76061309,0.422361023,0.542666375,1000,500,15,2.5,27,11,,,,,,,,,,
0.884056612,0.513470554,0.648726848,0.737768547,0.404068571,0.521491329,1000,500,15,2.5,27,19,,,,,,,,,,
0.88676206,0.552932035,0.679552817,0.634013584,0.212073753,0.317371132,1000,500,15,2.5,49,3,,,,,,,,,,
0.856511217,0.626514675,0.723391623,0.76110035,0.359705382,0.48833742,1000,500,15,2.5,49,11,,,,,,,,,,
0.926234656,0.473051836,0.62041224,0.692198352,0.264180449,0.382232396,1000,500,15,2.5,49,19,,,,,,,,,,
0.858480245,0.188840627,0.301454034,0.830505869,0.14195273,0.240875386,1000,500,15,11.25,5,3,,,,,,,,,,
0.812235101,0.197135643,0.314237941,0.700368786,0.148907466,0.24532435,1000,500,15,11.25,5,11,,,,,,,,,,
0.900323196,0.183838618,0.30363592,0.80313692,0.163000607,0.270941259,1000,500,15,11.25,5,19,,,,,,,,,,
0.935614007,0.292527392,0.444098961,0.736381995,0.11075377,0.192258609,1000,500,15,11.25,27,3,,,,,,,,,,
0.882107268,0.315862963,0.46257362,0.628645354,0.130177442,0.215296235,1000,500,15,11.25,27,11,,,,,,,,,,
0.881145902,0.33892547,0.488144974,0.641676012,0.16447467,0.261640511,1000,500,15,11.25,27,19,,,,,,,,,,
0.904626637,0.478613234,0.625113749,0.615650262,0.232375536,0.336119118,1000,500,15,11.25,49,3,,,,,,,,,,
0.917172855,0.37307121,0.525036008,0.671657693,0.146870509,0.240892803,1000,500,15,11.25,49,11,,,,,,,,,,
0.914487904,0.371541083,0.525144864,0.636274809,0.117821286,0.19873218,1000,500,15,11.25,49,19,,,,,,,,,,
0.875008233,0.096587025,0.170412198,0.615031877,0.024476704,0.046550703,1000,500,15,20,5,3,,,,,,,,,,
0.883173315,0.133575962,0.229749837,0.743242627,0.056251997,0.104543287,1000,500,15,20,5,11,,,,,,,,,,
0.880771403,0.090588294,0.162926252,0.761278545,0.053293292,0.099496838,1000,500,15,20,5,19,,,,,,,,,,
0.897284508,0.269358148,0.405836211,0.549572502,0.067501071,0.118999435,1000,500,15,20,27,3,,,,,,,,,,
0.874403793,0.243835163,0.377964233,0.697090012,0.087373883,0.155187274,1000,500,15,20,27,11,,,,,,,,,,
0.950693726,0.19851267,0.324989723,0.727170424,0.069156426,0.125461957,1000,500,15,20,27,19,,,,,,,,,,
0.933321208,0.361917724,0.517108394,0.383186321,0.125291751,0.188013124,1000,500,15,20,49,3,,,,,,,,,,
0.961609966,0.289290564,0.441705804,0.785562303,0.080064325,0.144752394,1000,500,15,20,49,11,,,,,,,,,,
0.961059597,0.318746309,0.472046273,0.631425538,0.038376701,0.071732558,1000,500,15,20,49,19,,,,,,,,,,
0.809209648,0.369996895,0.501987888,0.799549089,0.366672837,0.500573759,1000,500,57,2.5,5,3,,,,,,,,,,
0.85217428,0.447443387,0.585003766,0.816284456,0.444784152,0.575356726,1000,500,57,2.5,5,11,,,,,,,,,,
0.826220796,0.505637019,0.626335258,0.805403121,0.493663375,0.612082504,1000,500,57,2.5,5,19,,,,,,,,,,
0.796681338,0.528366497,0.634679156,0.688897178,0.362447939,0.474903696,1000,500,57,2.5,27,3,,,,,,,,,,
0.844757901,0.499882682,0.626222744,0.788572905,0.369930071,0.503343823,1000,500,57,2.5,27,11,,,,,,,,,,
0.834339865,0.479478044,0.60778989,0.753400938,0.338880317,0.467328773,1000,500,57,2.5,27,19,,,,,,,,,,
0.826558576,0.611937767,0.70286191,0.694805817,0.412267671,0.517396708,1000,500,57,2.5,49,3,,,,,,,,,,
0.857436198,0.541869014,0.663210213,0.71482906,0.340724779,0.46141169,1000,500,57,2.5,49,11,,,,,,,,,,
0.869344281,0.531153977,0.658223619,0.718517716,0.319952225,0.442087523,1000,500,57,2.5,49,19,,,,,,,,,,
0.83533266,0.180912061,0.296900136,0.725077261,0.144339627,0.240688347,1000,500,57,11.25,5,3,,,,,,,,,,
0.87461767,0.181077348,0.299106049,0.790297091,0.149095126,0.250833354,1000,500,57,11.25,5,11,,,,,,,,,,
0.880673239,0.20008367,0.325251617,0.793994026,0.180562733,0.294186105,1000,500,57,11.25,5,19,,,,,,,,,,
0.888683049,0.33233913,0.481881795,0.57374442,0.13299758,0.215783643,1000,500,57,11.25,27,3,,,,,,,,,,
0.914820898,0.280919321,0.42797322,0.706739481,0.146884091,0.243167237,1000,500,57,11.25,27,11,,,,,,,,,,
0.906482987,0.279560244,0.422498212,0.672455167,0.127845447,0.214843221,1000,500,57,11.25,27,19,,,,,,,,,,
0.928407135,0.423456339,0.579916881,0.630667325,0.16736485,0.264506857,1000,500,57,11.25,49,3,,,,,,,,,,
0.931769632,0.346273634,0.500870158,0.666837188,0.140766518,0.232270567,1000,500,57,11.25,49,11,,,,,,,,,,
0.937596467,0.344911231,0.50044239,0.711730194,0.137215306,0.229984351,1000,500,57,11.25,49,19,,,,,,,,,,
0.842089929,0.107029899,0.188143546,0.676436777,0.059532808,0.109093833,1000,500,57,20,5,3,,,,,,,,,,
0.859681484,0.117682278,0.206043043,0.732934543,0.083962198,0.15066146,1000,500,57,20,5,11,,,,,,,,,,
0.906475497,0.125817392,0.219691797,0.771228961,0.08434322,0.151979124,1000,500,57,20,5,19,,,,,,,,,,
0.910119126,0.273969191,0.418727149,0.721276509,0.126535803,0.215265218,1000,500,57,20,27,3,,,,,,,,,,
0.922561115,0.207826484,0.336820858,0.744052446,0.093486155,0.165900967,1000,500,57,20,27,11,,,,,,,,,,
0.923864016,0.208123821,0.336445577,0.658693665,0.072083363,0.129750614,1000,500,57,20,27,19,,,,,,,,,,
0.929657659,0.360196489,0.514848258,0.567593464,0.115641233,0.192084286,1000,500,57,20,49,3,,,,,,,,,,
0.936982882,0.300957978,0.452586892,0.604320813,0.075817798,0.134602354,1000,500,57,20,49,11,,,,,,,,,,
0.92358802,0.31882904,0.471568427,0.753269322,0.12841058,0.216365346,1000,500,57,20,49,19,,,,,,,,,,
0.793042654,0.46431599,0.584359172,0.764202812,0.437652413,0.556310227,1000,500,99,2.5,5,3,,,,,,,,,,
0.812790895,0.434318595,0.563688339,0.797881096,0.43361313,0.56141148,1000,500,99,2.5,5,11,,,,,,,,,,
0.81390951,0.463604195,0.589160303,0.787276542,0.455284406,0.576604966,1000,500,99,2.5,5,19,,,,,,,,,,
0.781095995,0.51746428,0.622308198,0.661533585,0.341854505,0.450427365,1000,500,99,2.5,27,3,,,,,,,,,,
0.85821949,0.476806503,0.611733066,0.770350879,0.34440618,0.475924506,1000,500,99,2.5,27,11,,,,,,,,,,
0.86749468,0.445754002,0.586686952,0.787749543,0.340152656,0.475022858,1000,500,99,2.5,27,19,,,,,,,,,,
0.795847461,0.599404741,0.683150521,0.673461274,0.395314657,0.498045028,1000,500,99,2.5,49,3,,,,,,,,,,
0.84684891,0.565927658,0.677668858,0.734030856,0.392261831,0.511208896,1000,500,99,2.5,49,11,,,,,,,,,,
0.860575215,0.501718028,0.631664499,0.718294088,0.302247708,0.425379892,1000,500,99,2.5,49,19,,,,,,,,,,
0.816925221,0.148494102,0.250521171,0.728308518,0.105043289,0.183575679,1000,500,99,11.25,5,3,,,,,,,,,,
0.839550875,0.17824344,0.292624045,0.761927073,0.137799888,0.233373305,1000,500,99,11.25,5,11,,,,,,,,,,
0.861957209,0.154485946,0.260567135,0.784250914,0.120421487,0.208670197,1000,500,99,11.25,5,19,,,,,,,,,,
0.890579097,0.327701426,0.478158911,0.679260467,0.182377444,0.287537824,1000,500,99,11.25,27,3,,,,,,,,,,
0.904333901,0.297722651,0.446087583,0.723671028,0.157392607,0.258550896,1000,500,99,11.25,27,11,,,,,,,,,,
0.877931958,0.256904956,0.395869866,0.73650703,0.138999609,0.233699944,1000,500,99,11.25,27,19,,,,,,,,,,
0.936998673,0.39280313,0.551264714,0.65225469,0.171872987,0.272007741,1000,500,99,11.25,49,3,,,,,,,,,,
0.928517102,0.373036208,0.530492718,0.686657476,0.160344935,0.259753598,1000,500,99,11.25,49,11,,,,,,,,,,
0.916961818,0.326492953,0.478665479,0.73319544,0.140300899,0.235285579,1000,500,99,11.25,49,19,,,,,,,,,,
0.860657479,0.109743036,0.194012088,0.676122034,0.067119275,0.122097619,1000,500,99,20,5,3,,,,,,,,,,
0.882044395,0.120749398,0.211303101,0.738173295,0.08831885,0.157757621,1000,500,99,20,5,11,,,,,,,,,,
0.862858441,0.129701518,0.223980433,0.761307011,0.10316029,0.181682279,1000,500,99,20,5,19,,,,,,,,,,
0.913171269,0.246866228,0.386898481,0.614819073,0.094505712,0.163790203,1000,500,99,20,27,3,,,,,,,,,,
0.933688499,0.222917793,0.357534235,0.720469107,0.082447367,0.147907251,1000,500,99,20,27,11,,,,,,,,,,
0.89623521,0.21169301,0.33970838,0.668173141,0.078541283,0.140452878,1000,500,99,20,27,19,,,,,,,,,,
0.924488352,0.358332986,0.513934155,0.656355209,0.135439188,0.224345312,1000,500,99,20,49,3,,,,,,,,,,
0.933530454,0.310834004,0.464306159,0.680544668,0.097126083,0.169399248,1000,500,99,20,49,11,,,,,,,,,,
0.945626777,0.274383772,0.422407741,0.701556466,0.092181057,0.162728963,1000,500,99,20,49,19,,,,,,,,,,
