Precision,Recall,F1 Score,Number of examples,Margin,Clauses,Specificity,Accumulation,Number of Examples norm,Margin norm,Clauses norm,Specificity norm,Accumulation norm
0.81,0.48,0.61,1000,350,15,5,50,1,0.666666667,0,0,1
0.82,0.47,0.60,1000,500,93,5,50,1,1,0.331914894,0,1
0.82,0.47,0.60,400,50,15,5,50,0.333333333,0,0,0,1
0.82,0.47,0.60,400,200,15,5,50,0.333333333,0.333333333,0,0,1
0.83,0.46,0.59,400,50,15,5,35,0.333333333,0,0,0,0.666666667
0.83,0.46,0.59,700,350,15,5,50,0.666666667,0.666666667,0,0,1
0.84,0.45,0.59,700,50,15,5,50,0.666666667,0,0,0,1
0.81,0.46,0.58,400,500,93,5,50,0.333333333,1,0.331914894,0,1
0.83,0.45,0.58,700,500,93,5,50,0.666666667,1,0.331914894,0,1
0.78,0.46,0.58,1000,200,15,5,20,1,0.333333333,0,0,0.333333333
0.80,0.45,0.57,700,350,93,5,50,0.666666667,0.666666667,0.331914894,0,1
0.82,0.44,0.57,1000,50,15,5,35,1,0,0,0,0.666666667
0.81,0.44,0.57,1000,350,93,5,35,1,0.666666667,0.331914894,0,0.666666667
0.81,0.44,0.57,1000,500,171,5,50,1,1,0.663829787,0,1
0.81,0.44,0.57,400,350,93,5,50,0.333333333,0.666666667,0.331914894,0,1
0.81,0.44,0.57,400,200,15,5,35,0.333333333,0.333333333,0,0,0.666666667
0.84,0.43,0.57,1000,200,15,5,50,1,0.333333333,0,0,1
0.80,0.44,0.57,1000,200,93,5,50,1,0.333333333,0.331914894,0,1
0.82,0.43,0.57,1000,500,93,5,35,1,1,0.331914894,0,0.666666667
0.84,0.42,0.57,1000,200,15,5,35,1,0.333333333,0,0,0.666666667
0.81,0.43,0.56,700,500,249,5,50,0.666666667,1,0.995744681,0,1
0.80,0.44,0.56,400,350,171,5,35,0.333333333,0.666666667,0.663829787,0,0.666666667
0.81,0.43,0.56,700,500,93,5,35,0.666666667,1,0.331914894,0,0.666666667
0.82,0.43,0.56,700,200,93,5,50,0.666666667,0.333333333,0.331914894,0,1
0.79,0.44,0.56,700,350,171,5,50,0.666666667,0.666666667,0.663829787,0,1
0.82,0.43,0.56,1000,350,93,5,50,1,0.666666667,0.331914894,0,1
0.78,0.44,0.56,1000,50,15,5,50,1,0,0,0,1
0.87,0.41,0.56,1000,500,15,5,50,1,1,0,0,1
0.84,0.42,0.56,700,500,15,5,35,0.666666667,1,0,0,0.666666667
0.81,0.43,0.56,400,200,93,5,50,0.333333333,0.333333333,0.331914894,0,1
0.79,0.43,0.56,1000,350,171,5,50,1,0.666666667,0.663829787,0,1
0.79,0.43,0.56,700,500,171,5,50,0.666666667,1,0.663829787,0,1
0.81,0.43,0.56,700,200,15,5,35,0.666666667,0.333333333,0,0,0.666666667
0.80,0.43,0.56,400,500,171,5,50,0.333333333,1,0.663829787,0,1
0.79,0.43,0.56,1000,500,171,5,35,1,1,0.663829787,0,0.666666667
0.78,0.43,0.55,400,500,249,5,50,0.333333333,1,0.995744681,0,1
0.77,0.43,0.55,1000,350,249,5,50,1,0.666666667,0.995744681,0,1
0.82,0.42,0.55,700,200,15,5,50,0.666666667,0.333333333,0,0,1
0.82,0.42,0.55,700,350,93,5,35,0.666666667,0.666666667,0.331914894,0,0.666666667
0.78,0.43,0.55,700,500,171,5,35,0.666666667,1,0.663829787,0,0.666666667
0.84,0.41,0.55,700,50,15,5,35,0.666666667,0,0,0,0.666666667
0.79,0.42,0.55,400,500,171,5,35,0.333333333,1,0.663829787,0,0.666666667
0.79,0.42,0.55,700,200,171,5,50,0.666666667,0.333333333,0.663829787,0,1
0.79,0.42,0.55,1000,50,93,5,50,1,0,0.331914894,0,1
0.81,0.41,0.55,1000,200,93,5,35,1,0.333333333,0.331914894,0,0.666666667
0.78,0.42,0.55,1000,500,249,5,50,1,1,0.995744681,0,1
0.79,0.42,0.55,400,200,93,5,35,0.333333333,0.333333333,0.331914894,0,0.666666667
0.84,0.40,0.54,700,350,15,5,35,0.666666667,0.666666667,0,0,0.666666667
0.78,0.42,0.54,1000,500,249,5,35,1,1,0.995744681,0,0.666666667
0.81,0.41,0.54,100,500,249,5,50,0,1,0.995744681,0,1
0.78,0.41,0.54,400,350,171,5,50,0.333333333,0.666666667,0.663829787,0,1
0.84,0.40,0.54,700,500,15,5,50,0.666666667,1,0,0,1
0.79,0.41,0.54,400,350,249,5,50,0.333333333,0.666666667,0.995744681,0,1
0.81,0.40,0.54,400,500,93,5,35,0.333333333,1,0.331914894,0,0.666666667
0.79,0.41,0.54,700,350,171,5,35,0.666666667,0.666666667,0.663829787,0,0.666666667
0.78,0.41,0.54,700,500,249,5,35,0.666666667,1,0.995744681,0,0.666666667
0.86,0.39,0.54,400,350,15,5,50,0.333333333,0.666666667,0,0,1
0.79,0.41,0.54,1000,200,171,5,50,1,0.333333333,0.663829787,0,1
0.78,0.41,0.54,1000,350,249,5,35,1,0.666666667,0.995744681,0,0.666666667
0.78,0.41,0.54,700,350,249,5,50,0.666666667,0.666666667,0.995744681,0,1
0.78,0.41,0.54,700,350,249,5,35,0.666666667,0.666666667,0.995744681,0,0.666666667
0.78,0.41,0.54,400,200,171,5,35,0.333333333,0.333333333,0.663829787,0,0.666666667
0.79,0.41,0.54,1000,500,93,5,20,1,1,0.331914894,0,0.333333333
0.78,0.41,0.54,400,50,93,5,50,0.333333333,0,0.331914894,0,1
0.78,0.41,0.54,100,500,171,5,50,0,1,0.663829787,0,1
0.85,0.39,0.53,400,350,15,5,35,0.333333333,0.666666667,0,0,0.666666667
0.79,0.40,0.53,1000,350,171,5,35,1,0.666666667,0.663829787,0,0.666666667
0.78,0.41,0.53,400,200,171,5,50,0.333333333,0.333333333,0.663829787,0,1
0.83,0.39,0.53,100,500,93,5,50,0,1,0.331914894,0,1
0.76,0.41,0.53,1000,200,171,5,35,1,0.333333333,0.663829787,0,0.666666667
0.77,0.41,0.53,700,50,93,5,50,0.666666667,0,0.331914894,0,1
0.84,0.39,0.53,700,50,15,10,50,0.666666667,0,0,0.333333333,1
0.85,0.38,0.53,1000,350,15,5,35,1,0.666666667,0,0,0.666666667
0.80,0.39,0.53,700,200,93,5,35,0.666666667,0.333333333,0.331914894,0,0.666666667
0.79,0.40,0.53,700,500,93,5,20,0.666666667,1,0.331914894,0,0.333333333
0.82,0.39,0.53,400,350,93,5,35,0.333333333,0.666666667,0.331914894,0,0.666666667
0.84,0.38,0.53,1000,50,15,10,50,1,0,0,0.333333333,1
0.78,0.40,0.53,700,200,249,5,50,0.666666667,0.333333333,0.995744681,0,1
0.77,0.40,0.53,700,200,171,5,35,0.666666667,0.333333333,0.663829787,0,0.666666667
0.76,0.40,0.53,1000,500,171,5,20,1,1,0.663829787,0,0.333333333
0.78,0.40,0.53,400,500,249,5,35,0.333333333,1,0.995744681,0,0.666666667
0.82,0.39,0.53,400,500,15,5,50,0.333333333,1,0,0,1
0.77,0.40,0.52,400,200,249,5,50,0.333333333,0.333333333,0.995744681,0,1
0.82,0.39,0.52,400,50,15,10,50,0.333333333,0,0,0.333333333,1
0.78,0.39,0.52,100,350,171,5,50,0,0.666666667,0.663829787,0,1
0.77,0.39,0.52,1000,200,249,5,50,1,0.333333333,0.995744681,0,1
0.80,0.39,0.52,100,350,93,5,50,0,0.666666667,0.331914894,0,1
0.78,0.39,0.52,400,500,171,5,20,0.333333333,1,0.663829787,0,0.333333333
0.76,0.40,0.52,1000,500,249,5,20,1,1,0.995744681,0,0.333333333
0.76,0.40,0.52,1000,350,171,5,20,1,0.666666667,0.663829787,0,0.333333333
0.77,0.39,0.52,100,200,93,5,50,0,0.333333333,0.331914894,0,1
0.79,0.39,0.52,400,500,93,5,20,0.333333333,1,0.331914894,0,0.333333333
0.79,0.39,0.52,400,350,249,5,35,0.333333333,0.666666667,0.995744681,0,0.666666667
0.78,0.39,0.52,700,50,15,5,20,0.666666667,0,0,0,0.333333333
0.77,0.39,0.51,100,200,171,5,50,0,0.333333333,0.663829787,0,1
0.78,0.38,0.51,1000,350,93,5,20,1,0.666666667,0.331914894,0,0.333333333
0.77,0.39,0.51,700,350,171,5,20,0.666666667,0.666666667,0.663829787,0,0.333333333
0.78,0.38,0.51,100,350,249,5,50,0,0.666666667,0.995744681,0,1
0.76,0.39,0.51,400,200,249,5,35,0.333333333,0.333333333,0.995744681,0,0.666666667
0.78,0.38,0.51,1000,200,93,5,20,1,0.333333333,0.331914894,0,0.333333333
0.82,0.37,0.51,400,50,15,10,35,0.333333333,0,0,0.333333333,0.666666667
0.78,0.38,0.51,100,200,171,5,35,0,0.333333333,0.663829787,0,0.666666667
0.87,0.36,0.51,700,200,15,10,50,0.666666667,0.333333333,0,0.333333333,1
0.82,0.37,0.51,700,500,15,5,20,0.666666667,1,0,0,0.333333333
0.75,0.38,0.51,700,200,171,5,20,0.666666667,0.333333333,0.663829787,0,0.333333333
0.77,0.38,0.51,400,500,249,5,20,0.333333333,1,0.995744681,0,0.333333333
0.79,0.37,0.51,700,200,93,5,20,0.666666667,0.333333333,0.331914894,0,0.333333333
0.76,0.38,0.51,700,500,249,5,20,0.666666667,1,0.995744681,0,0.333333333
0.78,0.37,0.51,100,350,171,5,35,0,0.666666667,0.663829787,0,0.666666667
0.86,0.36,0.51,700,200,93,10,50,0.666666667,0.333333333,0.331914894,0.333333333,1
0.77,0.38,0.51,700,500,171,5,20,0.666666667,1,0.663829787,0,0.333333333
0.78,0.37,0.51,400,200,93,5,20,0.333333333,0.333333333,0.331914894,0,0.333333333
0.76,0.38,0.50,700,200,249,5,35,0.666666667,0.333333333,0.995744681,0,0.666666667
0.79,0.37,0.50,1000,50,93,5,35,1,0,0.331914894,0,0.666666667
0.77,0.37,0.50,100,50,15,5,50,0,0,0,0,1
0.80,0.37,0.50,100,500,171,5,35,0,1,0.663829787,0,0.666666667
0.79,0.37,0.50,400,350,171,5,20,0.333333333,0.666666667,0.663829787,0,0.333333333
0.87,0.35,0.50,700,500,93,10,50,0.666666667,1,0.331914894,0.333333333,1
0.79,0.37,0.50,100,200,93,5,35,0,0.333333333,0.331914894,0,0.666666667
0.88,0.35,0.50,1000,500,93,10,50,1,1,0.331914894,0.333333333,1
0.79,0.37,0.50,100,500,93,5,35,0,1,0.331914894,0,0.666666667
0.79,0.37,0.50,700,350,93,5,20,0.666666667,0.666666667,0.331914894,0,0.333333333
0.81,0.36,0.50,400,350,93,5,20,0.333333333,0.666666667,0.331914894,0,0.333333333
0.75,0.38,0.50,700,350,249,5,20,0.666666667,0.666666667,0.995744681,0,0.333333333
0.79,0.37,0.50,400,50,93,5,35,0.333333333,0,0.331914894,0,0.666666667
0.82,0.36,0.50,100,350,93,5,35,0,0.666666667,0.331914894,0,0.666666667
0.75,0.38,0.50,1000,50,171,5,50,1,0,0.663829787,0,1
0.75,0.38,0.50,1000,350,249,5,20,1,0.666666667,0.995744681,0,0.333333333
0.76,0.37,0.50,1000,200,249,5,35,1,0.333333333,0.995744681,0,0.666666667
0.79,0.37,0.50,100,350,249,5,35,0,0.666666667,0.995744681,0,0.666666667
0.76,0.37,0.50,400,350,249,5,20,0.333333333,0.666666667,0.995744681,0,0.333333333
0.87,0.35,0.50,1000,350,93,10,50,1,0.666666667,0.331914894,0.333333333,1
0.76,0.37,0.50,1000,200,171,5,20,1,0.333333333,0.663829787,0,0.333333333
0.77,0.37,0.50,400,200,171,5,20,0.333333333,0.333333333,0.663829787,0,0.333333333
0.85,0.35,0.49,700,500,15,10,50,0.666666667,1,0,0.333333333,1
0.79,0.36,0.49,100,500,171,5,20,0,1,0.663829787,0,0.333333333
0.84,0.35,0.49,1000,500,15,5,20,1,1,0,0,0.333333333
0.84,0.35,0.49,1000,500,171,10,50,1,1,0.663829787,0.333333333,1
0.79,0.36,0.49,400,50,15,5,20,0.333333333,0,0,0,0.333333333
0.81,0.35,0.49,1000,350,15,5,20,1,0.666666667,0,0,0.333333333
0.77,0.36,0.49,100,200,249,5,50,0,0.333333333,0.995744681,0,1
0.86,0.34,0.49,1000,350,93,10,35,1,0.666666667,0.331914894,0.333333333,0.666666667
0.83,0.35,0.49,400,200,15,5,20,0.333333333,0.333333333,0,0,0.333333333
0.88,0.34,0.49,400,350,93,10,50,0.333333333,0.666666667,0.331914894,0.333333333,1
0.86,0.34,0.49,700,350,93,10,50,0.666666667,0.666666667,0.331914894,0.333333333,1
0.78,0.36,0.49,100,500,249,5,35,0,1,0.995744681,0,0.666666667
0.75,0.36,0.49,700,50,93,5,35,0.666666667,0,0.331914894,0,0.666666667
0.74,0.37,0.49,700,50,171,5,50,0.666666667,0,0.663829787,0,1
0.76,0.36,0.49,700,200,249,5,20,0.666666667,0.333333333,0.995744681,0,0.333333333
0.82,0.35,0.49,700,200,15,5,20,0.666666667,0.333333333,0,0,0.333333333
0.71,0.37,0.49,100,50,93,5,50,0,0,0.331914894,0,1
0.87,0.34,0.49,400,500,171,10,50,0.333333333,1,0.663829787,0.333333333,1
0.83,0.34,0.49,700,350,15,5,20,0.666666667,0.666666667,0,0,0.333333333
0.86,0.34,0.48,700,500,93,10,35,0.666666667,1,0.331914894,0.333333333,0.666666667
0.83,0.34,0.48,1000,50,15,10,35,1,0,0,0.333333333,0.666666667
0.83,0.34,0.48,1000,500,15,5,35,1,1,0,0,0.666666667
0.88,0.33,0.48,1000,500,15,10,50,1,1,0,0.333333333,1
0.76,0.35,0.48,1000,50,171,5,35,1,0,0.663829787,0,0.666666667
0.74,0.36,0.48,1000,200,249,5,20,1,0.333333333,0.995744681,0,0.333333333
0.86,0.33,0.48,1000,500,93,10,35,1,1,0.331914894,0.333333333,0.666666667
0.79,0.35,0.48,100,200,15,5,50,0,0.333333333,0,0,1
0.84,0.34,0.48,400,350,171,10,50,0.333333333,0.666666667,0.663829787,0.333333333,1
0.85,0.33,0.48,700,500,171,10,50,0.666666667,1,0.663829787,0.333333333,1
0.77,0.35,0.48,100,200,249,5,35,0,0.333333333,0.995744681,0,0.666666667
0.88,0.33,0.48,1000,500,93,15,50,1,1,0.331914894,0.666666667,1
0.77,0.35,0.48,100,350,171,5,20,0,0.666666667,0.663829787,0,0.333333333
0.83,0.34,0.48,1000,350,171,10,50,1,0.666666667,0.663829787,0.333333333,1
0.82,0.33,0.48,400,500,249,10,50,0.333333333,1,0.995744681,0.333333333,1
0.87,0.33,0.47,1000,200,15,10,50,1,0.333333333,0,0.333333333,1
0.84,0.33,0.47,700,350,171,10,50,0.666666667,0.666666667,0.663829787,0.333333333,1
0.75,0.35,0.47,100,200,171,5,20,0,0.333333333,0.663829787,0,0.333333333
0.79,0.34,0.47,400,500,15,5,20,0.333333333,1,0,0,0.333333333
0.88,0.32,0.47,1000,350,15,10,50,1,0.666666667,0,0.333333333,1
0.83,0.33,0.47,1000,350,249,10,50,1,0.666666667,0.995744681,0.333333333,1
0.80,0.33,0.47,400,350,15,5,20,0.333333333,0.666666667,0,0,0.333333333
0.83,0.33,0.47,400,350,249,10,50,0.333333333,0.666666667,0.995744681,0.333333333,1
0.83,0.33,0.47,1000,200,171,10,50,1,0.333333333,0.663829787,0.333333333,1
0.84,0.33,0.47,700,500,249,10,50,0.666666667,1,0.995744681,0.333333333,1
0.77,0.34,0.47,100,350,249,5,20,0,0.666666667,0.995744681,0,0.333333333
0.84,0.33,0.47,700,500,171,10,35,0.666666667,1,0.663829787,0.333333333,0.666666667
0.81,0.33,0.47,100,200,93,5,20,0,0.333333333,0.331914894,0,0.333333333
0.76,0.34,0.47,1000,50,93,5,20,1,0,0.331914894,0,0.333333333
0.77,0.34,0.47,100,350,93,5,20,0,0.666666667,0.331914894,0,0.333333333
0.76,0.34,0.47,100,200,249,5,20,0,0.333333333,0.995744681,0,0.333333333
0.73,0.34,0.47,700,50,171,5,35,0.666666667,0,0.663829787,0,0.666666667
0.84,0.32,0.47,700,350,171,10,35,0.666666667,0.666666667,0.663829787,0.333333333,0.666666667
0.77,0.34,0.47,100,500,93,5,20,0,1,0.331914894,0,0.333333333
0.82,0.33,0.47,100,350,15,5,50,0,0.666666667,0,0,1
0.84,0.32,0.47,700,350,93,10,35,0.666666667,0.666666667,0.331914894,0.333333333,0.666666667
0.82,0.32,0.47,700,350,249,10,50,0.666666667,0.666666667,0.995744681,0.333333333,1
0.86,0.32,0.47,1000,200,93,10,50,1,0.333333333,0.331914894,0.333333333,1
0.85,0.32,0.46,1000,200,93,10,35,1,0.333333333,0.331914894,0.333333333,0.666666667
0.89,0.31,0.46,1000,350,93,15,50,1,0.666666667,0.331914894,0.666666667,1
0.84,0.32,0.46,1000,500,249,10,50,1,1,0.995744681,0.333333333,1
0.83,0.32,0.46,1000,350,171,10,35,1,0.666666667,0.663829787,0.333333333,0.666666667
0.86,0.32,0.46,400,200,93,10,50,0.333333333,0.333333333,0.331914894,0.333333333,1
0.79,0.33,0.46,1000,50,15,5,20,1,0,0,0,0.333333333
0.74,0.33,0.46,400,200,249,5,20,0.333333333,0.333333333,0.995744681,0,0.333333333
0.84,0.32,0.46,700,200,171,10,50,0.666666667,0.333333333,0.663829787,0.333333333,1
0.87,0.31,0.46,700,50,15,10,35,0.666666667,0,0,0.333333333,0.666666667
0.78,0.33,0.46,100,50,93,5,35,0,0,0.331914894,0,0.666666667
0.84,0.31,0.46,400,500,93,10,35,0.333333333,1,0.331914894,0.333333333,0.666666667
0.83,0.32,0.46,1000,50,93,10,50,1,0,0.331914894,0.333333333,1
0.70,0.34,0.46,400,500,93,5,5,0.333333333,1,0.331914894,0,0
0.78,0.32,0.46,100,500,249,5,20,0,1,0.995744681,0,0.333333333
0.83,0.32,0.46,1000,200,249,10,50,1,0.333333333,0.995744681,0.333333333,1
0.83,0.32,0.46,400,500,171,10,35,0.333333333,1,0.663829787,0.333333333,0.666666667
0.78,0.32,0.46,100,50,15,5,35,0,0,0,0,0.666666667
0.88,0.31,0.46,1000,200,93,15,50,1,0.333333333,0.331914894,0.666666667,1
0.86,0.31,0.45,700,350,15,10,50,0.666666667,0.666666667,0,0.333333333,1
0.84,0.31,0.45,1000,500,249,10,35,1,1,0.995744681,0.333333333,0.666666667
0.75,0.32,0.45,400,50,93,5,20,0.333333333,0,0.331914894,0,0.333333333
0.79,0.32,0.45,400,500,15,5,35,0.333333333,1,0,0,0.666666667
0.75,0.32,0.45,700,50,93,5,20,0.666666667,0,0.331914894,0,0.333333333
0.87,0.31,0.45,700,500,249,15,50,0.666666667,1,0.995744681,0.666666667,1
0.72,0.33,0.45,400,50,171,5,35,0.333333333,0,0.663829787,0,0.666666667
0.69,0.34,0.45,1000,50,249,5,50,1,0,0.995744681,0,1
0.83,0.31,0.45,1000,200,171,10,35,1,0.333333333,0.663829787,0.333333333,0.666666667
0.78,0.32,0.45,100,50,15,5,20,0,0,0,0,0.333333333
0.84,0.31,0.45,400,200,93,10,35,0.333333333,0.333333333,0.331914894,0.333333333,0.666666667
0.83,0.31,0.45,1000,500,171,10,35,1,1,0.663829787,0.333333333,0.666666667
0.88,0.30,0.45,1000,500,171,15,50,1,1,0.663829787,0.666666667,1
0.87,0.30,0.45,400,500,93,10,50,0.333333333,1,0.331914894,0.333333333,1
0.83,0.31,0.45,700,350,249,10,35,0.666666667,0.666666667,0.995744681,0.333333333,0.666666667
0.83,0.31,0.45,700,200,93,10,35,0.666666667,0.333333333,0.331914894,0.333333333,0.666666667
0.89,0.30,0.45,700,350,93,15,50,0.666666667,0.666666667,0.331914894,0.666666667,1
0.69,0.33,0.45,700,50,249,5,50,0.666666667,0,0.995744681,0,1
0.87,0.30,0.44,1000,500,249,15,50,1,1,0.995744681,0.666666667,1
0.75,0.32,0.44,400,350,15,5,5,0.333333333,0.666666667,0,0,0
0.82,0.31,0.44,700,200,249,10,50,0.666666667,0.333333333,0.995744681,0.333333333,1
0.84,0.30,0.44,400,350,93,10,35,0.333333333,0.666666667,0.331914894,0.333333333,0.666666667
0.82,0.30,0.44,100,200,15,5,35,0,0.333333333,0,0,0.666666667
0.82,0.30,0.44,400,200,171,10,50,0.333333333,0.333333333,0.663829787,0.333333333,1
0.72,0.32,0.44,400,50,171,5,50,0.333333333,0,0.663829787,0,1
0.71,0.32,0.44,700,350,249,5,5,0.666666667,0.666666667,0.995744681,0,0
0.84,0.30,0.44,700,500,249,10,35,0.666666667,1,0.995744681,0.333333333,0.666666667
0.85,0.30,0.44,1000,350,249,15,50,1,0.666666667,0.995744681,0.666666667,1
0.82,0.30,0.44,1000,350,249,10,35,1,0.666666667,0.995744681,0.333333333,0.666666667
0.82,0.30,0.44,1000,350,93,10,20,1,0.666666667,0.331914894,0.333333333,0.333333333
0.71,0.32,0.44,1000,50,249,5,35,1,0,0.995744681,0,0.666666667
0.83,0.30,0.44,400,350,249,10,35,0.333333333,0.666666667,0.995744681,0.333333333,0.666666667
0.72,0.31,0.44,700,500,93,5,5,0.666666667,1,0.331914894,0,0
0.85,0.29,0.44,400,200,15,10,50,0.333333333,0.333333333,0,0.333333333,1
0.89,0.29,0.44,700,200,15,10,35,0.666666667,0.333333333,0,0.333333333,0.666666667
0.87,0.29,0.44,1000,50,15,15,50,1,0,0,0.666666667,1
0.84,0.29,0.44,700,350,249,15,50,0.666666667,0.666666667,0.995744681,0.666666667,1
0.82,0.30,0.44,700,200,171,10,35,0.666666667,0.333333333,0.663829787,0.333333333,0.666666667
0.71,0.31,0.43,400,350,171,5,5,0.333333333,0.666666667,0.663829787,0,0
0.72,0.31,0.43,700,350,93,5,5,0.666666667,0.666666667,0.331914894,0,0
0.72,0.31,0.43,1000,500,93,5,5,1,1,0.331914894,0,0
0.81,0.30,0.43,1000,200,93,10,20,1,0.333333333,0.331914894,0.333333333,0.333333333
0.83,0.29,0.43,1000,500,93,10,20,1,1,0.331914894,0.333333333,0.333333333
0.71,0.31,0.43,1000,500,171,5,5,1,1,0.663829787,0,0
0.81,0.30,0.43,1000,200,249,10,35,1,0.333333333,0.995744681,0.333333333,0.666666667
0.81,0.30,0.43,700,200,249,10,35,0.666666667,0.333333333,0.995744681,0.333333333,0.666666667
0.73,0.31,0.43,400,200,15,5,5,0.333333333,0.333333333,0,0,0
0.86,0.29,0.43,1000,350,171,15,50,1,0.666666667,0.663829787,0.666666667,1
0.70,0.31,0.43,1000,350,249,5,5,1,0.666666667,0.995744681,0,0
0.70,0.31,0.43,1000,200,93,5,5,1,0.333333333,0.331914894,0,0
0.70,0.31,0.43,700,200,93,5,5,0.666666667,0.333333333,0.331914894,0,0
0.71,0.31,0.43,400,350,93,5,5,0.333333333,0.666666667,0.331914894,0,0
0.72,0.31,0.43,1000,350,93,5,5,1,0.666666667,0.331914894,0,0
0.81,0.29,0.43,400,200,171,10,35,0.333333333,0.333333333,0.663829787,0.333333333,0.666666667
0.86,0.29,0.43,1000,200,171,15,50,1,0.333333333,0.663829787,0.666666667,1
0.70,0.31,0.43,400,500,171,5,5,0.333333333,1,0.663829787,0,0
0.70,0.31,0.43,400,350,249,5,5,0.333333333,0.666666667,0.995744681,0,0
0.80,0.29,0.43,700,50,93,10,50,0.666666667,0,0.331914894,0.333333333,1
0.70,0.31,0.43,700,350,171,5,5,0.666666667,0.666666667,0.663829787,0,0
0.69,0.31,0.43,400,50,249,5,50,0.333333333,0,0.995744681,0,1
0.71,0.31,0.43,700,500,171,5,5,0.666666667,1,0.663829787,0,0
0.80,0.29,0.43,400,200,249,10,50,0.333333333,0.333333333,0.995744681,0.333333333,1
0.82,0.29,0.43,400,350,171,10,35,0.333333333,0.666666667,0.663829787,0.333333333,0.666666667
0.70,0.31,0.43,700,500,249,5,5,0.666666667,1,0.995744681,0,0
0.89,0.28,0.43,700,500,93,15,50,0.666666667,1,0.331914894,0.666666667,1
0.83,0.29,0.43,700,500,171,10,20,0.666666667,1,0.663829787,0.333333333,0.333333333
0.83,0.29,0.43,100,500,15,5,50,0,1,0,0,1
0.84,0.28,0.43,1000,200,15,10,35,1,0.333333333,0,0.333333333,0.666666667
0.80,0.29,0.43,100,350,15,5,20,0,0.666666667,0,0,0.333333333
0.89,0.28,0.43,1000,200,93,20,50,1,0.333333333,0.331914894,1,1
0.74,0.30,0.43,100,50,171,5,50,0,0,0.663829787,0,1
0.69,0.31,0.43,1000,50,171,5,20,1,0,0.663829787,0,0.333333333
0.69,0.31,0.43,700,50,249,5,35,0.666666667,0,0.995744681,0,0.666666667
0.80,0.29,0.42,400,50,93,10,50,0.333333333,0,0.331914894,0.333333333,1
0.71,0.30,0.42,1000,500,249,5,5,1,1,0.995744681,0,0
0.88,0.28,0.42,700,200,93,15,50,0.666666667,0.333333333,0.331914894,0.666666667,1
0.69,0.31,0.42,700,200,249,5,5,0.666666667,0.333333333,0.995744681,0,0
0.71,0.30,0.42,1000,350,171,5,5,1,0.666666667,0.663829787,0,0
0.86,0.28,0.42,400,350,171,15,50,0.333333333,0.666666667,0.663829787,0.666666667,1
0.89,0.28,0.42,400,500,93,15,50,0.333333333,1,0.331914894,0.666666667,1
0.79,0.29,0.42,100,350,15,5,35,0,0.666666667,0,0,0.666666667
0.68,0.31,0.42,400,500,249,5,5,0.333333333,1,0.995744681,0,0
0.69,0.30,0.42,1000,200,171,5,5,1,0.333333333,0.663829787,0,0
0.88,0.28,0.42,1000,350,15,10,35,1,0.666666667,0,0.333333333,0.666666667
0.80,0.29,0.42,700,500,249,10,20,0.666666667,1,0.995744681,0.333333333,0.333333333
0.86,0.28,0.42,1000,350,171,15,35,1,0.666666667,0.663829787,0.666666667,0.666666667
0.89,0.28,0.42,1000,200,15,15,50,1,0.333333333,0,0.666666667,1
0.85,0.28,0.42,700,500,93,10,20,0.666666667,1,0.331914894,0.333333333,0.333333333
0.88,0.28,0.42,700,350,171,15,50,0.666666667,0.666666667,0.663829787,0.666666667,1
0.81,0.28,0.42,1000,350,171,10,20,1,0.666666667,0.663829787,0.333333333,0.333333333
0.83,0.28,0.42,700,50,15,15,50,0.666666667,0,0,0.666666667,1
0.80,0.28,0.42,1000,50,93,10,35,1,0,0.331914894,0.333333333,0.666666667
0.68,0.30,0.42,400,200,249,5,5,0.333333333,0.333333333,0.995744681,0,0
0.74,0.29,0.42,700,200,15,5,5,0.666666667,0.333333333,0,0,0
0.83,0.28,0.42,400,500,249,10,35,0.333333333,1,0.995744681,0.333333333,0.666666667
0.87,0.28,0.42,700,350,15,10,35,0.666666667,0.666666667,0,0.333333333,0.666666667
0.71,0.30,0.42,100,500,171,5,5,0,1,0.663829787,0,0
0.89,0.27,0.42,1000,350,171,20,50,1,0.666666667,0.663829787,1,1
0.82,0.28,0.42,400,500,171,10,20,0.333333333,1,0.663829787,0.333333333,0.333333333
0.68,0.30,0.42,400,50,171,5,20,0.333333333,0,0.663829787,0,0.333333333
0.72,0.29,0.42,400,200,93,5,5,0.333333333,0.333333333,0.331914894,0,0
0.88,0.27,0.42,1000,500,93,15,35,1,1,0.331914894,0.666666667,0.666666667
0.87,0.27,0.42,700,500,171,15,50,0.666666667,1,0.663829787,0.666666667,1
0.84,0.28,0.42,400,350,15,10,50,0.333333333,0.666666667,0,0.333333333,1
0.69,0.30,0.42,700,200,171,5,5,0.666666667,0.333333333,0.663829787,0,0
0.84,0.28,0.42,700,350,93,10,20,0.666666667,0.666666667,0.331914894,0.333333333,0.333333333
0.69,0.30,0.42,400,200,171,5,5,0.333333333,0.333333333,0.663829787,0,0
0.86,0.27,0.42,700,200,171,15,50,0.666666667,0.333333333,0.663829787,0.666666667,1
0.87,0.27,0.41,1000,500,171,15,35,1,1,0.663829787,0.666666667,0.666666667
0.81,0.28,0.41,1000,500,249,10,20,1,1,0.995744681,0.333333333,0.333333333
0.88,0.27,0.41,400,200,93,15,50,0.333333333,0.333333333,0.331914894,0.666666667,1
0.89,0.27,0.41,700,500,171,20,50,0.666666667,1,0.663829787,1,1
0.87,0.27,0.41,700,200,171,20,50,0.666666667,0.333333333,0.663829787,1,1
0.83,0.27,0.41,1000,50,93,15,50,1,0,0.331914894,0.666666667,1
0.85,0.27,0.41,1000,50,93,20,50,1,0,0.331914894,1,1
0.87,0.27,0.41,700,500,171,15,35,0.666666667,1,0.663829787,0.666666667,0.666666667
0.81,0.28,0.41,700,350,249,10,20,0.666666667,0.666666667,0.995744681,0.333333333,0.333333333
0.82,0.27,0.41,700,200,93,10,20,0.666666667,0.333333333,0.331914894,0.333333333,0.333333333
0.88,0.27,0.41,1000,500,249,20,50,1,1,0.995744681,1,1
0.82,0.27,0.41,1000,500,171,10,20,1,1,0.663829787,0.333333333,0.333333333
0.84,0.27,0.41,400,200,15,10,35,0.333333333,0.333333333,0,0.333333333,0.666666667
0.89,0.27,0.41,700,500,93,15,35,0.666666667,1,0.331914894,0.666666667,0.666666667
0.76,0.28,0.41,1000,50,171,10,50,1,0,0.663829787,0.333333333,1
0.71,0.29,0.41,100,50,15,10,50,0,0,0,0.333333333,1
0.84,0.27,0.41,1000,350,249,15,35,1,0.666666667,0.995744681,0.666666667,0.666666667
0.90,0.26,0.41,1000,500,93,20,50,1,1,0.331914894,1,1
0.77,0.28,0.41,100,50,93,10,50,0,0,0.331914894,0.333333333,1
0.80,0.27,0.41,100,350,249,10,50,0,0.666666667,0.995744681,0.333333333,1
0.86,0.27,0.41,700,500,15,10,35,0.666666667,1,0,0.333333333,0.666666667
0.70,0.29,0.41,1000,200,249,5,5,1,0.333333333,0.995744681,0,0
0.81,0.27,0.41,400,500,249,10,20,0.333333333,1,0.995744681,0.333333333,0.333333333
0.72,0.28,0.41,1000,200,15,5,5,1,0.333333333,0,0,0
0.87,0.27,0.41,700,200,15,15,50,0.666666667,0.333333333,0,0.666666667,1
0.79,0.27,0.41,700,50,93,10,35,0.666666667,0,0.331914894,0.333333333,0.666666667
0.88,0.26,0.41,400,500,171,15,50,0.333333333,1,0.663829787,0.666666667,1
0.85,0.27,0.41,700,200,15,10,20,0.666666667,0.333333333,0,0.333333333,0.333333333
0.88,0.26,0.41,700,200,93,20,50,0.666666667,0.333333333,0.331914894,1,1
0.82,0.27,0.41,700,50,93,15,50,0.666666667,0,0.331914894,0.666666667,1
0.83,0.27,0.40,100,500,249,10,50,0,1,0.995744681,0.333333333,1
0.81,0.27,0.40,400,200,249,10,35,0.333333333,0.333333333,0.995744681,0.333333333,0.666666667
0.80,0.27,0.40,1000,200,171,10,20,1,0.333333333,0.663829787,0.333333333,0.333333333
0.81,0.27,0.40,400,50,93,10,35,0.333333333,0,0.331914894,0.333333333,0.666666667
0.87,0.26,0.40,1000,200,93,15,35,1,0.333333333,0.331914894,0.666666667,0.666666667
0.86,0.26,0.40,1000,500,249,15,35,1,1,0.995744681,0.666666667,0.666666667
0.69,0.28,0.40,700,50,15,5,5,0.666666667,0,0,0,0
0.71,0.28,0.40,100,350,249,5,5,0,0.666666667,0.995744681,0,0
0.91,0.26,0.40,1000,350,93,20,50,1,0.666666667,0.331914894,1,1
0.82,0.27,0.40,700,350,171,10,20,0.666666667,0.666666667,0.663829787,0.333333333,0.333333333
0.85,0.26,0.40,400,500,249,15,50,0.333333333,1,0.995744681,0.666666667,1
0.71,0.28,0.40,700,50,171,5,20,0.666666667,0,0.663829787,0,0.333333333
0.86,0.26,0.40,1000,350,93,15,35,1,0.666666667,0.331914894,0.666666667,0.666666667
0.84,0.26,0.40,1000,200,249,15,50,1,0.333333333,0.995744681,0.666666667,1
0.70,0.28,0.40,100,350,93,5,5,0,0.666666667,0.331914894,0,0
0.80,0.27,0.40,1000,350,249,10,20,1,0.666666667,0.995744681,0.333333333,0.333333333
0.85,0.26,0.40,1000,50,15,15,35,1,0,0,0.666666667,0.666666667
0.69,0.28,0.40,400,50,249,5,35,0.333333333,0,0.995744681,0,0.666666667
0.76,0.27,0.40,100,200,15,5,20,0,0.333333333,0,0,0.333333333
0.83,0.26,0.40,700,50,15,15,35,0.666666667,0,0,0.666666667,0.666666667
0.89,0.26,0.40,700,350,171,20,50,0.666666667,0.666666667,0.663829787,1,1
0.85,0.26,0.40,700,200,171,15,35,0.666666667,0.333333333,0.663829787,0.666666667,0.666666667
0.82,0.26,0.40,100,350,171,10,50,0,0.666666667,0.663829787,0.333333333,1
0.79,0.27,0.40,100,500,15,5,35,0,1,0,0,0.666666667
0.80,0.26,0.40,100,200,171,10,50,0,0.333333333,0.663829787,0.333333333,1
0.89,0.26,0.40,1000,500,171,20,50,1,1,0.663829787,1,1
0.83,0.26,0.40,100,500,93,10,50,0,1,0.331914894,0.333333333,1
0.84,0.26,0.40,400,50,93,15,50,0.333333333,0,0.331914894,0.666666667,1
0.80,0.26,0.40,400,350,249,10,20,0.333333333,0.666666667,0.995744681,0.333333333,0.333333333
0.89,0.25,0.40,400,50,15,20,50,0.333333333,0,0,1,1
0.85,0.26,0.40,1000,200,15,15,35,1,0.333333333,0,0.666666667,0.666666667
0.81,0.26,0.40,700,200,171,10,20,0.666666667,0.333333333,0.663829787,0.333333333,0.333333333
0.88,0.25,0.40,700,350,93,15,35,0.666666667,0.666666667,0.331914894,0.666666667,0.666666667
0.87,0.26,0.39,400,200,171,15,50,0.333333333,0.333333333,0.663829787,0.666666667,1
0.82,0.26,0.39,400,350,93,10,20,0.333333333,0.666666667,0.331914894,0.333333333,0.333333333
0.88,0.25,0.39,400,350,93,15,50,0.333333333,0.666666667,0.331914894,0.666666667,1
0.69,0.27,0.39,100,200,93,5,5,0,0.333333333,0.331914894,0,0
0.86,0.26,0.39,400,350,249,15,50,0.333333333,0.666666667,0.995744681,0.666666667,1
0.83,0.26,0.39,700,350,15,10,20,0.666666667,0.666666667,0,0.333333333,0.333333333
0.85,0.26,0.39,700,200,249,15,50,0.666666667,0.333333333,0.995744681,0.666666667,1
0.85,0.26,0.39,400,200,249,15,50,0.333333333,0.333333333,0.995744681,0.666666667,1
0.86,0.25,0.39,1000,200,15,10,20,1,0.333333333,0,0.333333333,0.333333333
0.86,0.25,0.39,1000,500,15,10,35,1,1,0,0.333333333,0.666666667
0.83,0.26,0.39,700,50,93,15,35,0.666666667,0,0.331914894,0.666666667,0.666666667
0.84,0.26,0.39,700,350,249,15,35,0.666666667,0.666666667,0.995744681,0.666666667,0.666666667
0.87,0.25,0.39,1000,200,171,20,50,1,0.333333333,0.663829787,1,1
0.81,0.26,0.39,400,350,171,10,20,0.333333333,0.666666667,0.663829787,0.333333333,0.333333333
0.86,0.25,0.39,700,500,249,15,35,0.666666667,1,0.995744681,0.666666667,0.666666667
0.88,0.25,0.39,700,200,93,15,35,0.666666667,0.333333333,0.331914894,0.666666667,0.666666667
0.87,0.25,0.39,700,500,249,20,50,0.666666667,1,0.995744681,1,1
0.86,0.25,0.39,700,350,171,15,35,0.666666667,0.666666667,0.663829787,0.666666667,0.666666667
0.76,0.26,0.39,700,500,15,5,5,0.666666667,1,0,0,0
0.74,0.26,0.39,100,50,171,5,35,0,0,0.663829787,0,0.666666667
0.69,0.27,0.39,100,200,15,5,5,0,0.333333333,0,0,0
0.81,0.26,0.39,400,200,171,10,20,0.333333333,0.333333333,0.663829787,0.333333333,0.333333333
0.83,0.25,0.39,400,500,93,10,20,0.333333333,1,0.331914894,0.333333333,0.333333333
0.89,0.25,0.39,700,350,93,20,50,0.666666667,0.666666667,0.331914894,1,1
0.71,0.27,0.39,400,50,15,5,5,0.333333333,0,0,0,0
0.82,0.25,0.39,100,500,171,10,50,0,1,0.663829787,0.333333333,1
0.79,0.26,0.39,1000,200,249,10,20,1,0.333333333,0.995744681,0.333333333,0.333333333
0.87,0.25,0.39,700,350,249,20,50,0.666666667,0.666666667,0.995744681,1,1
0.83,0.25,0.39,1000,50,15,20,50,1,0,0,1,1
0.85,0.25,0.39,400,500,249,15,35,0.333333333,1,0.995744681,0.666666667,0.666666667
0.82,0.25,0.39,100,200,93,10,50,0,0.333333333,0.331914894,0.333333333,1
0.75,0.26,0.38,700,350,15,5,5,0.666666667,0.666666667,0,0,0
0.67,0.27,0.38,100,350,171,5,5,0,0.666666667,0.663829787,0,0
0.87,0.25,0.38,400,50,15,15,35,0.333333333,0,0,0.666666667,0.666666667
0.74,0.26,0.38,400,500,15,5,5,0.333333333,1,0,0,0
0.71,0.26,0.38,100,500,93,5,5,0,1,0.331914894,0,0
0.85,0.25,0.38,400,50,93,20,50,0.333333333,0,0.331914894,1,1
0.85,0.25,0.38,100,350,93,10,50,0,0.666666667,0.331914894,0.333333333,1
0.86,0.25,0.38,1000,200,249,20,50,1,0.333333333,0.995744681,1,1
0.78,0.25,0.38,700,50,171,10,50,0.666666667,0,0.663829787,0.333333333,1
0.88,0.24,0.38,1000,500,171,20,35,1,1,0.663829787,1,0.666666667
0.88,0.24,0.38,400,500,93,20,50,0.333333333,1,0.331914894,1,1
0.83,0.25,0.38,400,200,15,10,20,0.333333333,0.333333333,0,0.333333333,0.333333333
0.86,0.25,0.38,400,350,171,15,35,0.333333333,0.666666667,0.663829787,0.666666667,0.666666667
0.85,0.25,0.38,1000,200,171,15,35,1,0.333333333,0.663829787,0.666666667,0.666666667
0.91,0.24,0.38,1000,200,15,20,50,1,0.333333333,0,1,1
0.75,0.25,0.38,100,50,93,5,20,0,0,0.331914894,0,0.333333333
0.75,0.25,0.38,1000,350,15,5,5,1,0.666666667,0,0,0
0.86,0.24,0.38,400,500,171,15,35,0.333333333,1,0.663829787,0.666666667,0.666666667
0.79,0.25,0.38,700,200,249,10,20,0.666666667,0.333333333,0.995744681,0.333333333,0.333333333
0.87,0.24,0.38,1000,350,249,20,50,1,0.666666667,0.995744681,1,1
0.90,0.24,0.38,700,500,93,20,50,0.666666667,1,0.331914894,1,1
0.86,0.24,0.38,400,350,93,15,35,0.333333333,0.666666667,0.331914894,0.666666667,0.666666667
0.82,0.24,0.38,100,200,171,10,35,0,0.333333333,0.663829787,0.333333333,0.666666667
0.77,0.25,0.38,1000,50,171,10,35,1,0,0.663829787,0.333333333,0.666666667
0.89,0.24,0.38,400,200,15,15,50,0.333333333,0.333333333,0,0.666666667,1
0.88,0.24,0.38,1000,500,93,20,35,1,1,0.331914894,1,0.666666667
0.84,0.24,0.38,1000,200,249,15,35,1,0.333333333,0.995744681,0.666666667,0.666666667
0.80,0.24,0.37,100,200,249,10,50,0,0.333333333,0.995744681,0.333333333,1
0.75,0.25,0.37,1000,500,15,5,5,1,1,0,0,0
0.85,0.24,0.37,700,200,249,20,50,0.666666667,0.333333333,0.995744681,1,1
0.85,0.24,0.37,1000,350,93,15,20,1,0.666666667,0.331914894,0.666666667,0.333333333
0.84,0.24,0.37,100,500,15,5,20,0,1,0,0,0.333333333
0.87,0.24,0.37,400,50,15,15,50,0.333333333,0,0,0.666666667,1
0.71,0.25,0.37,100,200,171,5,5,0,0.333333333,0.663829787,0,0
0.89,0.24,0.37,400,350,171,20,50,0.333333333,0.666666667,0.663829787,1,1
0.86,0.24,0.37,1000,350,249,20,35,1,0.666666667,0.995744681,1,0.666666667
0.88,0.24,0.37,400,500,249,20,50,0.333333333,1,0.995744681,1,1
0.86,0.24,0.37,700,50,15,20,50,0.666666667,0,0,1,1
0.68,0.26,0.37,100,50,249,5,50,0,0,0.995744681,0,1
0.89,0.24,0.37,400,350,249,20,50,0.333333333,0.666666667,0.995744681,1,1
0.86,0.24,0.37,700,200,171,20,35,0.666666667,0.333333333,0.663829787,1,0.666666667
0.72,0.25,0.37,100,50,171,5,20,0,0,0.663829787,0,0.333333333
0.76,0.25,0.37,400,50,171,10,50,0.333333333,0,0.663829787,0.333333333,1
0.69,0.25,0.37,700,50,249,5,20,0.666666667,0,0.995744681,0,0.333333333
0.67,0.26,0.37,1000,50,249,5,20,1,0,0.995744681,0,0.333333333
0.84,0.24,0.37,700,200,249,15,35,0.666666667,0.333333333,0.995744681,0.666666667,0.666666667
0.87,0.23,0.37,400,500,15,10,50,0.333333333,1,0,0.333333333,1
0.82,0.24,0.37,400,200,93,10,20,0.333333333,0.333333333,0.331914894,0.333333333,0.333333333
0.87,0.23,0.37,400,500,93,15,35,0.333333333,1,0.331914894,0.666666667,0.666666667
0.83,0.24,0.37,1000,500,15,10,20,1,1,0,0.333333333,0.333333333
0.80,0.24,0.37,100,350,171,10,35,0,0.666666667,0.663829787,0.333333333,0.666666667
0.89,0.23,0.37,700,500,15,15,50,0.666666667,1,0,0.666666667,1
0.87,0.23,0.37,1000,350,171,20,35,1,0.666666667,0.663829787,1,0.666666667
0.89,0.23,0.37,1000,350,15,15,35,1,0.666666667,0,0.666666667,0.666666667
0.81,0.24,0.37,1000,50,171,15,50,1,0,0.663829787,0.666666667,1
0.86,0.23,0.37,700,350,249,20,35,0.666666667,0.666666667,0.995744681,1,0.666666667
0.86,0.23,0.37,400,200,171,15,35,0.333333333,0.333333333,0.663829787,0.666666667,0.666666667
0.72,0.25,0.37,1000,50,15,5,5,1,0,0,0,0
0.85,0.23,0.37,400,350,249,15,35,0.333333333,0.666666667,0.995744681,0.666666667,0.666666667
0.71,0.25,0.37,100,500,249,5,5,0,1,0.995744681,0,0
0.84,0.23,0.37,1000,50,93,15,35,1,0,0.331914894,0.666666667,0.666666667
0.81,0.24,0.37,100,350,93,10,35,0,0.666666667,0.331914894,0.333333333,0.666666667
0.81,0.24,0.37,100,500,249,10,35,0,1,0.995744681,0.333333333,0.666666667
0.79,0.24,0.36,700,50,15,10,20,0.666666667,0,0,0.333333333,0.333333333
0.74,0.24,0.36,1000,50,249,10,50,1,0,0.995744681,0.333333333,1
0.81,0.23,0.36,400,50,15,10,20,0.333333333,0,0,0.333333333,0.333333333
0.81,0.23,0.36,700,500,15,10,20,0.666666667,1,0,0.333333333,0.333333333
0.74,0.24,0.36,1000,50,249,10,35,1,0,0.995744681,0.333333333,0.666666667
0.86,0.23,0.36,700,500,249,20,35,0.666666667,1,0.995744681,1,0.666666667
0.82,0.23,0.36,100,500,171,10,35,0,1,0.663829787,0.333333333,0.666666667
0.84,0.23,0.36,1000,500,171,15,20,1,1,0.663829787,0.666666667,0.333333333
0.87,0.23,0.36,400,200,93,15,35,0.333333333,0.333333333,0.331914894,0.666666667,0.666666667
0.88,0.23,0.36,1000,350,15,15,50,1,0.666666667,0,0.666666667,1
0.87,0.23,0.36,1000,500,249,20,35,1,1,0.995744681,1,0.666666667
0.86,0.23,0.36,700,50,93,20,50,0.666666667,0,0.331914894,1,1
0.86,0.23,0.36,1000,500,93,15,20,1,1,0.331914894,0.666666667,0.333333333
0.79,0.23,0.36,100,350,249,10,35,0,0.666666667,0.995744681,0.333333333,0.666666667
0.83,0.23,0.36,100,200,93,10,35,0,0.333333333,0.331914894,0.333333333,0.666666667
0.88,0.23,0.36,400,500,171,20,50,0.333333333,1,0.663829787,1,1
0.86,0.23,0.36,1000,200,249,20,35,1,0.333333333,0.995744681,1,0.666666667
0.79,0.23,0.36,400,200,249,10,20,0.333333333,0.333333333,0.995744681,0.333333333,0.333333333
0.86,0.23,0.36,700,350,171,20,35,0.666666667,0.666666667,0.663829787,1,0.666666667
0.85,0.23,0.36,400,50,15,20,35,0.333333333,0,0,1,0.666666667
0.85,0.23,0.36,700,500,171,15,20,0.666666667,1,0.663829787,0.666666667,0.333333333
0.87,0.22,0.36,400,200,171,20,50,0.333333333,0.333333333,0.663829787,1,1
0.88,0.22,0.36,1000,500,15,15,50,1,1,0,0.666666667,1
0.73,0.24,0.36,700,50,249,10,50,0.666666667,0,0.995744681,0.333333333,1
0.87,0.22,0.36,400,500,15,10,35,0.333333333,1,0,0.333333333,0.666666667
0.83,0.23,0.36,400,200,249,15,35,0.333333333,0.333333333,0.995744681,0.666666667,0.666666667
0.80,0.23,0.36,700,50,171,15,35,0.666666667,0,0.663829787,0.666666667,0.666666667
0.84,0.22,0.35,1000,500,249,15,20,1,1,0.995744681,0.666666667,0.333333333
0.89,0.22,0.35,700,500,93,20,35,0.666666667,1,0.331914894,1,0.666666667
0.84,0.22,0.35,700,200,93,15,20,0.666666667,0.333333333,0.331914894,0.666666667,0.333333333
0.80,0.23,0.35,400,50,93,15,35,0.333333333,0,0.331914894,0.666666667,0.666666667
0.79,0.23,0.35,700,50,171,15,50,0.666666667,0,0.663829787,0.666666667,1
0.69,0.24,0.35,100,50,249,5,35,0,0,0.995744681,0,0.666666667
0.68,0.24,0.35,400,50,249,5,20,0.333333333,0,0.995744681,0,0.333333333
0.86,0.22,0.35,400,200,249,20,50,0.333333333,0.333333333,0.995744681,1,1
0.84,0.22,0.35,1000,350,171,15,20,1,0.666666667,0.663829787,0.666666667,0.333333333
0.81,0.22,0.35,1000,350,249,15,20,1,0.666666667,0.995744681,0.666666667,0.333333333
0.87,0.22,0.35,1000,200,93,20,35,1,0.333333333,0.331914894,1,0.666666667
0.88,0.22,0.35,1000,350,93,20,35,1,0.666666667,0.331914894,1,0.666666667
0.86,0.22,0.35,1000,350,15,10,20,1,0.666666667,0,0.333333333,0.333333333
0.77,0.23,0.35,100,50,15,10,35,0,0,0,0.333333333,0.666666667
0.80,0.22,0.35,400,50,171,15,50,0.333333333,0,0.663829787,0.666666667,1
0.88,0.22,0.35,400,500,249,20,35,0.333333333,1,0.995744681,1,0.666666667
0.83,0.22,0.35,700,350,249,15,20,0.666666667,0.666666667,0.995744681,0.666666667,0.333333333
0.90,0.22,0.35,400,350,93,20,50,0.333333333,0.666666667,0.331914894,1,1
0.78,0.22,0.35,700,50,171,10,35,0.666666667,0,0.663829787,0.333333333,0.666666667
0.87,0.22,0.35,1000,50,93,20,35,1,0,0.331914894,1,0.666666667
0.89,0.22,0.35,400,200,93,20,50,0.333333333,0.333333333,0.331914894,1,1
0.84,0.22,0.35,700,350,171,15,20,0.666666667,0.666666667,0.663829787,0.666666667,0.333333333
0.85,0.22,0.35,700,500,249,15,20,0.666666667,1,0.995744681,0.666666667,0.333333333
0.83,0.22,0.35,1000,200,249,15,20,1,0.333333333,0.995744681,0.666666667,0.333333333
0.84,0.22,0.35,1000,200,93,15,20,1,0.333333333,0.331914894,0.666666667,0.333333333
0.84,0.22,0.35,700,350,15,15,50,0.666666667,0.666666667,0,0.666666667,1
0.86,0.22,0.35,1000,200,171,20,35,1,0.333333333,0.663829787,1,0.666666667
0.81,0.22,0.35,400,350,15,10,20,0.333333333,0.666666667,0,0.333333333,0.333333333
0.82,0.22,0.35,1000,200,171,15,20,1,0.333333333,0.663829787,0.666666667,0.333333333
0.90,0.21,0.34,1000,500,15,20,50,1,1,0,1,1
0.82,0.22,0.34,100,200,15,10,50,0,0.333333333,0,0.333333333,1
0.69,0.23,0.34,100,200,249,5,5,0,0.333333333,0.995744681,0,0
0.85,0.21,0.34,700,350,93,15,20,0.666666667,0.666666667,0.331914894,0.666666667,0.333333333
0.85,0.21,0.34,700,500,93,15,20,0.666666667,1,0.331914894,0.666666667,0.333333333
0.87,0.21,0.34,700,500,171,20,35,0.666666667,1,0.663829787,1,0.666666667
0.86,0.21,0.34,700,50,93,20,35,0.666666667,0,0.331914894,1,0.666666667
0.76,0.22,0.34,1000,50,249,15,50,1,0,0.995744681,0.666666667,1
0.71,0.22,0.34,100,500,15,5,5,0,1,0,0,0
0.88,0.21,0.34,700,350,93,20,35,0.666666667,0.666666667,0.331914894,1,0.666666667
0.81,0.21,0.34,400,200,249,15,20,0.333333333,0.333333333,0.995744681,0.666666667,0.333333333
0.76,0.22,0.34,400,50,171,10,35,0.333333333,0,0.663829787,0.333333333,0.666666667
0.83,0.21,0.34,400,200,171,15,20,0.333333333,0.333333333,0.663829787,0.666666667,0.333333333
0.87,0.21,0.34,400,350,249,20,35,0.333333333,0.666666667,0.995744681,1,0.666666667
0.74,0.22,0.34,700,500,249,10,5,0.666666667,1,0.995744681,0.333333333,0
0.83,0.21,0.34,400,350,171,15,20,0.333333333,0.666666667,0.663829787,0.666666667,0.333333333
0.83,0.21,0.34,100,500,93,10,35,0,1,0.331914894,0.333333333,0.666666667
0.86,0.21,0.34,400,200,93,20,35,0.333333333,0.333333333,0.331914894,1,0.666666667
0.83,0.21,0.33,100,50,15,10,20,0,0,0,0.333333333,0.333333333
0.87,0.21,0.33,400,200,171,20,35,0.333333333,0.333333333,0.663829787,1,0.666666667
0.82,0.21,0.33,700,200,171,15,20,0.666666667,0.333333333,0.663829787,0.666666667,0.333333333
0.82,0.21,0.33,1000,50,171,20,50,1,0,0.663829787,1,1
0.79,0.21,0.33,1000,50,171,15,35,1,0,0.663829787,0.666666667,0.666666667
0.89,0.20,0.33,400,200,15,20,50,0.333333333,0.333333333,0,1,1
0.80,0.21,0.33,100,200,249,10,35,0,0.333333333,0.995744681,0.333333333,0.666666667
0.84,0.21,0.33,400,350,15,10,35,0.333333333,0.666666667,0,0.333333333,0.666666667
0.84,0.21,0.33,400,500,249,15,20,0.333333333,1,0.995744681,0.666666667,0.333333333
0.85,0.21,0.33,1000,500,171,20,20,1,1,0.663829787,1,0.333333333
0.85,0.20,0.33,1000,200,93,20,20,1,0.333333333,0.331914894,1,0.333333333
0.87,0.20,0.33,400,500,171,20,35,0.333333333,1,0.663829787,1,0.666666667
0.87,0.20,0.33,700,200,93,20,35,0.666666667,0.333333333,0.331914894,1,0.666666667
0.83,0.20,0.33,400,350,249,15,20,0.333333333,0.666666667,0.995744681,0.666666667,0.333333333
0.74,0.21,0.33,700,50,249,10,35,0.666666667,0,0.995744681,0.333333333,0.666666667
0.85,0.20,0.33,1000,500,249,20,20,1,1,0.995744681,1,0.333333333
0.85,0.20,0.33,700,200,15,15,35,0.666666667,0.333333333,0,0.666666667,0.666666667
0.87,0.20,0.33,400,350,171,20,35,0.333333333,0.666666667,0.663829787,1,0.666666667
0.89,0.20,0.33,700,350,15,20,50,0.666666667,0.666666667,0,1,1
0.85,0.20,0.33,700,200,249,20,35,0.666666667,0.333333333,0.995744681,1,0.666666667
0.81,0.20,0.32,700,200,249,15,20,0.666666667,0.333333333,0.995744681,0.666666667,0.333333333
0.88,0.20,0.32,400,350,93,20,35,0.333333333,0.666666667,0.331914894,1,0.666666667
0.85,0.20,0.32,1000,350,171,20,20,1,0.666666667,0.663829787,1,0.333333333
0.79,0.20,0.32,1000,50,15,15,20,1,0,0,0.666666667,0.333333333
0.84,0.20,0.32,400,200,15,15,35,0.333333333,0.333333333,0,0.666666667,0.666666667
0.85,0.20,0.32,400,50,171,20,50,0.333333333,0,0.663829787,1,1
0.80,0.20,0.32,100,200,249,15,50,0,0.333333333,0.995744681,0.666666667,1
0.72,0.21,0.32,400,50,249,10,50,0.333333333,0,0.995744681,0.333333333,1
0.84,0.20,0.32,400,50,15,15,20,0.333333333,0,0,0.666666667,0.333333333
0.86,0.20,0.32,1000,350,93,20,20,1,0.666666667,0.331914894,1,0.333333333
0.80,0.20,0.32,1000,50,249,20,50,1,0,0.995744681,1,1
0.76,0.20,0.32,1000,50,15,10,20,1,0,0,0.333333333,0.333333333
0.88,0.19,0.32,700,350,15,15,35,0.666666667,0.666666667,0,0.666666667,0.666666667
0.80,0.20,0.32,100,200,171,15,50,0,0.333333333,0.663829787,0.666666667,1
0.71,0.20,0.32,400,50,249,10,35,0.333333333,0,0.995744681,0.333333333,0.666666667
0.79,0.20,0.32,700,50,249,20,50,0.666666667,0,0.995744681,1,1
0.87,0.19,0.32,1000,350,15,20,50,1,0.666666667,0,1,1
0.82,0.20,0.32,400,200,93,15,20,0.333333333,0.333333333,0.331914894,0.666666667,0.333333333
0.75,0.20,0.32,1000,500,93,10,5,1,1,0.331914894,0.333333333,0
0.74,0.20,0.32,700,500,171,10,5,0.666666667,1,0.663829787,0.333333333,0
0.86,0.19,0.32,1000,500,15,15,35,1,1,0,0.666666667,0.666666667
0.81,0.20,0.32,1000,50,171,20,35,1,0,0.663829787,1,0.666666667
0.85,0.19,0.32,700,500,249,20,20,0.666666667,1,0.995744681,1,0.333333333
0.75,0.20,0.31,1000,350,93,10,5,1,0.666666667,0.331914894,0.333333333,0
0.76,0.20,0.31,700,500,93,10,5,0.666666667,1,0.331914894,0.333333333,0
0.84,0.19,0.31,400,350,93,15,20,0.333333333,0.666666667,0.331914894,0.666666667,0.333333333
0.75,0.20,0.31,700,50,249,15,50,0.666666667,0,0.995744681,0.666666667,1
0.78,0.20,0.31,700,50,93,10,20,0.666666667,0,0.331914894,0.333333333,0.333333333
0.86,0.19,0.31,1000,500,15,15,20,1,1,0,0.666666667,0.333333333
0.84,0.19,0.31,400,500,171,15,20,0.333333333,1,0.663829787,0.666666667,0.333333333
0.76,0.20,0.31,400,50,93,10,20,0.333333333,0,0.331914894,0.333333333,0.333333333
0.76,0.20,0.31,1000,50,93,10,20,1,0,0.331914894,0.333333333,0.333333333
0.85,0.19,0.31,700,350,171,20,20,0.666666667,0.666666667,0.663829787,1,0.333333333
0.75,0.20,0.31,1000,500,171,10,5,1,1,0.663829787,0.333333333,0
0.87,0.19,0.31,400,350,15,15,50,0.333333333,0.666666667,0,0.666666667,1
0.65,0.20,0.31,700,50,93,5,5,0.666666667,0,0.331914894,0,0
0.82,0.19,0.31,100,350,249,15,50,0,0.666666667,0.995744681,0.666666667,1
0.88,0.19,0.31,1000,500,93,20,20,1,1,0.331914894,1,0.333333333
0.73,0.20,0.31,1000,500,249,10,5,1,1,0.995744681,0.333333333,0
0.83,0.19,0.31,100,500,249,15,50,0,1,0.995744681,0.666666667,1
0.81,0.19,0.31,400,50,171,15,35,0.333333333,0,0.663829787,0.666666667,0.666666667
0.87,0.19,0.31,1000,200,15,20,35,1,0.333333333,0,1,0.666666667
0.76,0.19,0.31,100,200,249,10,20,0,0.333333333,0.995744681,0.333333333,0.333333333
0.79,0.19,0.31,700,50,171,20,50,0.666666667,0,0.663829787,1,1
0.84,0.19,0.31,400,200,249,20,35,0.333333333,0.333333333,0.995744681,1,0.666666667
0.88,0.19,0.31,700,200,15,20,50,0.666666667,0.333333333,0,1,1
0.82,0.19,0.31,400,500,93,15,20,0.333333333,1,0.331914894,0.666666667,0.333333333
0.80,0.19,0.31,100,500,15,10,50,0,1,0,0.333333333,1
0.85,0.19,0.31,1000,350,15,15,20,1,0.666666667,0,0.666666667,0.333333333
0.82,0.19,0.31,100,350,171,15,50,0,0.666666667,0.663829787,0.666666667,1
0.83,0.19,0.31,1000,350,249,20,20,1,0.666666667,0.995744681,1,0.333333333
0.75,0.19,0.31,700,350,93,10,5,0.666666667,0.666666667,0.331914894,0.333333333,0
0.79,0.19,0.31,100,50,93,10,35,0,0,0.331914894,0.333333333,0.666666667
0.80,0.19,0.31,100,500,249,10,20,0,1,0.995744681,0.333333333,0.333333333
0.78,0.19,0.30,100,350,93,10,20,0,0.666666667,0.331914894,0.333333333,0.333333333
0.86,0.18,0.30,700,500,171,20,20,0.666666667,1,0.663829787,1,0.333333333
0.73,0.19,0.30,700,200,171,10,5,0.666666667,0.333333333,0.663829787,0.333333333,0
0.74,0.19,0.30,100,50,171,10,50,0,0,0.663829787,0.333333333,1
0.87,0.18,0.30,700,50,15,20,35,0.666666667,0,0,1,0.666666667
0.83,0.18,0.30,700,200,171,20,20,0.666666667,0.333333333,0.663829787,1,0.333333333
0.84,0.18,0.30,1000,200,171,20,20,1,0.333333333,0.663829787,1,0.333333333
0.86,0.18,0.30,700,200,93,20,20,0.666666667,0.333333333,0.331914894,1,0.333333333
0.74,0.19,0.30,700,200,93,10,5,0.666666667,0.333333333,0.331914894,0.333333333,0
0.71,0.19,0.30,1000,50,171,10,20,1,0,0.663829787,0.333333333,0.333333333
0.77,0.19,0.30,100,350,171,10,20,0,0.666666667,0.663829787,0.333333333,0.333333333
0.86,0.18,0.30,700,350,93,20,20,0.666666667,0.666666667,0.331914894,1,0.333333333
0.74,0.19,0.30,1000,50,249,15,35,1,0,0.995744681,0.666666667,0.666666667
0.78,0.19,0.30,100,200,93,10,20,0,0.333333333,0.331914894,0.333333333,0.333333333
0.77,0.19,0.30,1000,200,15,10,5,1,0.333333333,0,0.333333333,0
0.79,0.19,0.30,100,200,171,10,20,0,0.333333333,0.663829787,0.333333333,0.333333333
0.82,0.18,0.30,1000,200,15,15,20,1,0.333333333,0,0.666666667,0.333333333
0.80,0.18,0.30,100,350,15,10,50,0,0.666666667,0,0.333333333,1
0.80,0.18,0.30,100,500,171,10,20,0,1,0.663829787,0.333333333,0.333333333
0.73,0.19,0.30,100,350,15,5,5,0,0.666666667,0,0,0
0.88,0.18,0.30,400,350,15,15,35,0.333333333,0.666666667,0,0.666666667,0.666666667
0.81,0.18,0.30,700,50,171,20,35,0.666666667,0,0.663829787,1,0.666666667
0.83,0.18,0.30,700,350,249,20,20,0.666666667,0.666666667,0.995744681,1,0.333333333
0.76,0.19,0.30,400,350,171,10,5,0.333333333,0.666666667,0.663829787,0.333333333,0
0.78,0.18,0.30,1000,50,249,20,35,1,0,0.995744681,1,0.666666667
0.90,0.18,0.30,700,500,15,20,50,0.666666667,1,0,1,1
0.83,0.18,0.30,700,200,249,20,20,0.666666667,0.333333333,0.995744681,1,0.333333333
0.86,0.18,0.30,400,500,93,20,35,0.333333333,1,0.331914894,1,0.666666667
0.83,0.18,0.30,100,200,15,10,35,0,0.333333333,0,0.333333333,0.666666667
0.74,0.18,0.30,400,500,249,10,5,0.333333333,1,0.995744681,0.333333333,0
0.73,0.19,0.30,1000,200,93,10,5,1,0.333333333,0.331914894,0.333333333,0
0.78,0.18,0.29,700,50,249,20,35,0.666666667,0,0.995744681,1,0.666666667
0.88,0.18,0.29,400,500,15,15,50,0.333333333,1,0,0.666666667,1
0.68,0.19,0.29,100,50,249,5,20,0,0,0.995744681,0,0.333333333
0.79,0.18,0.29,400,500,15,10,20,0.333333333,1,0,0.333333333,0.333333333
0.77,0.18,0.29,100,350,249,10,20,0,0.666666667,0.995744681,0.333333333,0.333333333
0.73,0.18,0.29,400,350,93,10,5,0.333333333,0.666666667,0.331914894,0.333333333,0
0.77,0.18,0.29,700,350,15,10,5,0.666666667,0.666666667,0,0.333333333,0
0.73,0.18,0.29,1000,350,249,10,5,1,0.666666667,0.995744681,0.333333333,0
0.86,0.18,0.29,400,500,249,20,20,0.333333333,1,0.995744681,1,0.333333333
0.82,0.18,0.29,1000,200,249,20,20,1,0.333333333,0.995744681,1,0.333333333
0.74,0.18,0.29,1000,350,171,10,5,1,0.666666667,0.663829787,0.333333333,0
0.82,0.18,0.29,1000,50,93,20,20,1,0,0.331914894,1,0.333333333
0.82,0.18,0.29,700,50,93,15,20,0.666666667,0,0.331914894,0.666666667,0.333333333
0.73,0.18,0.29,700,350,249,10,5,0.666666667,0.666666667,0.995744681,0.333333333,0
0.73,0.18,0.29,700,350,171,10,5,0.666666667,0.666666667,0.663829787,0.333333333,0
0.80,0.18,0.29,100,500,15,10,35,0,1,0,0.333333333,0.666666667
0.73,0.18,0.29,400,50,171,10,20,0.333333333,0,0.663829787,0.333333333,0.333333333
0.79,0.18,0.29,400,50,93,15,20,0.333333333,0,0.331914894,0.666666667,0.333333333
0.77,0.18,0.29,400,500,93,10,5,0.333333333,1,0.331914894,0.333333333,0
0.79,0.18,0.29,100,50,93,15,50,0,0,0.331914894,0.666666667,1
0.76,0.18,0.29,100,50,171,10,35,0,0,0.663829787,0.333333333,0.666666667
0.87,0.17,0.29,700,200,15,20,35,0.666666667,0.333333333,0,1,0.666666667
0.76,0.18,0.29,700,500,15,10,5,0.666666667,1,0,0.333333333,0
0.90,0.17,0.29,1000,50,15,20,35,1,0,0,1,0.666666667
0.66,0.18,0.29,100,50,15,5,5,0,0,0,0,0
0.75,0.18,0.29,400,200,93,10,5,0.333333333,0.333333333,0.331914894,0.333333333,0
0.82,0.17,0.29,400,50,93,20,35,0.333333333,0,0.331914894,1,0.666666667
0.67,0.18,0.29,1000,50,93,5,5,1,0,0.331914894,0,0
0.87,0.17,0.28,400,500,15,20,50,0.333333333,1,0,1,1
0.78,0.17,0.28,100,200,15,10,20,0,0.333333333,0,0.333333333,0.333333333
0.77,0.17,0.28,1000,50,93,15,20,1,0,0.331914894,0.666666667,0.333333333
0.84,0.17,0.28,400,200,15,15,20,0.333333333,0.333333333,0,0.666666667,0.333333333
0.82,0.17,0.28,400,200,249,20,20,0.333333333,0.333333333,0.995744681,1,0.333333333
0.86,0.17,0.28,700,350,15,15,20,0.666666667,0.666666667,0,0.666666667,0.333333333
0.81,0.17,0.28,100,500,171,15,50,0,1,0.663829787,0.666666667,1
0.76,0.17,0.28,700,50,249,15,35,0.666666667,0,0.995744681,0.666666667,0.666666667
0.70,0.18,0.28,700,50,171,10,20,0.666666667,0,0.663829787,0.333333333,0.333333333
0.89,0.17,0.28,700,350,15,20,35,0.666666667,0.666666667,0,1,0.666666667
0.74,0.17,0.28,700,200,15,10,5,0.666666667,0.333333333,0,0.333333333,0
0.75,0.17,0.28,400,50,249,15,50,0.333333333,0,0.995744681,0.666666667,1
0.72,0.17,0.28,100,50,249,10,50,0,0,0.995744681,0.333333333,1
0.79,0.17,0.28,400,50,249,20,50,0.333333333,0,0.995744681,1,1
0.80,0.17,0.28,100,200,93,15,50,0,0.333333333,0.331914894,0.666666667,1
0.74,0.17,0.28,400,500,171,10,5,0.333333333,1,0.663829787,0.333333333,0
0.85,0.16,0.28,700,500,93,20,20,0.666666667,1,0.331914894,1,0.333333333
0.82,0.17,0.28,100,350,93,15,50,0,0.666666667,0.331914894,0.666666667,1
0.87,0.16,0.28,700,500,15,15,35,0.666666667,1,0,0.666666667,0.666666667
0.81,0.17,0.28,100,200,171,15,35,0,0.333333333,0.663829787,0.666666667,0.666666667
0.84,0.16,0.28,400,350,249,20,20,0.333333333,0.666666667,0.995744681,1,0.333333333
0.79,0.17,0.27,100,500,93,10,20,0,1,0.331914894,0.333333333,0.333333333
0.80,0.17,0.27,700,50,93,20,20,0.666666667,0,0.331914894,1,0.333333333
0.79,0.17,0.27,100,200,249,15,35,0,0.333333333,0.995744681,0.666666667,0.666666667
0.76,0.17,0.27,100,50,15,20,50,0,0,0,1,1
0.87,0.16,0.27,400,350,171,20,20,0.333333333,0.666666667,0.663829787,1,0.333333333
0.84,0.16,0.27,700,200,15,15,20,0.666666667,0.333333333,0,0.666666667,0.333333333
0.79,0.16,0.27,1000,50,171,20,20,1,0,0.663829787,1,0.333333333
0.79,0.16,0.27,100,50,93,20,50,0,0,0.331914894,1,1
0.68,0.17,0.27,1000,50,249,10,20,1,0,0.995744681,0.333333333,0.333333333
0.83,0.16,0.27,1000,350,15,20,35,1,0.666666667,0,1,0.666666667
0.83,0.16,0.27,400,200,93,20,20,0.333333333,0.333333333,0.331914894,1,0.333333333
0.76,0.16,0.27,1000,500,15,10,5,1,1,0,0.333333333,0
0.84,0.16,0.27,400,350,93,20,20,0.333333333,0.666666667,0.331914894,1,0.333333333
0.76,0.16,0.27,400,50,249,15,35,0.333333333,0,0.995744681,0.666666667,0.666666667
0.79,0.16,0.27,100,200,249,20,50,0,0.333333333,0.995744681,1,1
0.81,0.16,0.27,100,200,93,15,35,0,0.333333333,0.331914894,0.666666667,0.666666667
0.81,0.16,0.26,100,500,249,15,35,0,1,0.995744681,0.666666667,0.666666667
0.68,0.16,0.26,700,50,249,10,20,0.666666667,0,0.995744681,0.333333333,0.333333333
0.85,0.16,0.26,400,500,171,20,20,0.333333333,1,0.663829787,1,0.333333333
0.79,0.16,0.26,400,50,171,20,35,0.333333333,0,0.663829787,1,0.666666667
0.79,0.16,0.26,100,350,249,15,35,0,0.666666667,0.995744681,0.666666667,0.666666667
0.72,0.16,0.26,1000,350,15,10,5,1,0.666666667,0,0.333333333,0
0.85,0.15,0.26,400,200,171,20,20,0.333333333,0.333333333,0.663829787,1,0.333333333
0.82,0.16,0.26,100,500,171,15,35,0,1,0.663829787,0.666666667,0.666666667
0.83,0.16,0.26,100,500,93,15,50,0,1,0.331914894,0.666666667,1
0.85,0.15,0.26,400,500,93,20,20,0.333333333,1,0.331914894,1,0.333333333
0.83,0.15,0.26,700,500,15,15,20,0.666666667,1,0,0.666666667,0.333333333
0.76,0.16,0.26,1000,350,93,15,5,1,0.666666667,0.331914894,0.666666667,0
0.80,0.15,0.26,100,50,15,15,35,0,0,0,0.666666667,0.666666667
0.70,0.16,0.26,1000,200,249,10,5,1,0.333333333,0.995744681,0.333333333,0
0.89,0.15,0.26,700,500,15,20,35,0.666666667,1,0,1,0.666666667
0.82,0.15,0.26,100,350,171,15,35,0,0.666666667,0.663829787,0.666666667,0.666666667
0.84,0.15,0.26,700,50,15,20,20,0.666666667,0,0,1,0.333333333
0.75,0.15,0.26,400,350,249,10,5,0.333333333,0.666666667,0.995744681,0.333333333,0
0.80,0.15,0.26,100,200,171,20,50,0,0.333333333,0.663829787,1,1
0.93,0.15,0.25,400,350,15,20,50,0.333333333,0.666666667,0,1,1
0.82,0.15,0.25,100,350,249,20,50,0,0.666666667,0.995744681,1,1
0.81,0.15,0.25,100,50,93,15,35,0,0,0.331914894,0.666666667,0.666666667
0.86,0.15,0.25,1000,200,15,20,20,1,0.333333333,0,1,0.333333333
0.71,0.15,0.25,1000,50,171,15,20,1,0,0.663829787,0.666666667,0.333333333
0.77,0.15,0.25,700,500,249,15,5,0.666666667,1,0.995744681,0.666666667,0
0.83,0.15,0.25,100,350,171,20,50,0,0.666666667,0.663829787,1,1
0.83,0.15,0.25,400,500,15,15,35,0.333333333,1,0,0.666666667,0.666666667
0.82,0.15,0.25,100,500,15,10,20,0,1,0,0.333333333,0.333333333
0.80,0.15,0.25,700,50,171,20,20,0.666666667,0,0.663829787,1,0.333333333
0.79,0.15,0.25,100,50,93,10,20,0,0,0.331914894,0.333333333,0.333333333
0.68,0.15,0.25,400,50,93,5,5,0.333333333,0,0.331914894,0,0
0.75,0.15,0.24,400,200,15,10,5,0.333333333,0.333333333,0,0.333333333,0
0.76,0.15,0.24,1000,500,171,15,5,1,1,0.663829787,0.666666667,0
0.76,0.15,0.24,1000,500,249,15,5,1,1,0.995744681,0.666666667,0
0.87,0.14,0.24,1000,500,15,20,20,1,1,0,1,0.333333333
0.75,0.15,0.24,1000,350,171,15,5,1,0.666666667,0.663829787,0.666666667,0
0.75,0.15,0.24,700,50,171,15,20,0.666666667,0,0.663829787,0.666666667,0.333333333
0.73,0.15,0.24,1000,200,171,10,5,1,0.333333333,0.663829787,0.333333333,0
0.74,0.14,0.24,400,350,15,10,5,0.333333333,0.666666667,0,0.333333333,0
0.69,0.15,0.24,400,50,249,10,20,0.333333333,0,0.995744681,0.333333333,0.333333333
0.79,0.14,0.24,100,350,15,10,20,0,0.666666667,0,0.333333333,0.333333333
0.88,0.14,0.24,1000,350,15,20,20,1,0.666666667,0,1,0.333333333
0.79,0.14,0.24,400,50,171,15,20,0.333333333,0,0.663829787,0.666666667,0.333333333
0.88,0.14,0.24,400,200,15,20,35,0.333333333,0.333333333,0,1,0.666666667
0.83,0.14,0.24,400,50,15,20,20,0.333333333,0,0,1,0.333333333
0.77,0.14,0.24,400,500,15,10,5,0.333333333,1,0,0.333333333,0
0.75,0.14,0.24,400,50,249,20,35,0.333333333,0,0.995744681,1,0.666666667
0.76,0.14,0.24,700,500,171,15,5,0.666666667,1,0.663829787,0.666666667,0
0.83,0.14,0.24,700,200,15,20,20,0.666666667,0.333333333,0,1,0.333333333
0.70,0.14,0.24,700,200,249,10,5,0.666666667,0.333333333,0.995744681,0.333333333,0
0.62,0.14,0.24,400,50,171,5,5,0.333333333,0,0.663829787,0,0
0.77,0.14,0.23,700,50,15,15,20,0.666666667,0,0,0.666666667,0.333333333
0.74,0.14,0.23,400,50,249,15,20,0.333333333,0,0.995744681,0.666666667,0.333333333
0.76,0.14,0.23,100,350,93,15,35,0,0.666666667,0.331914894,0.666666667,0.666666667
0.83,0.14,0.23,100,500,249,20,50,0,1,0.995744681,1,1
0.87,0.13,0.23,1000,500,15,20,35,1,1,0,1,0.666666667
0.86,0.13,0.23,400,350,15,20,35,0.333333333,0.666666667,0,1,0.666666667
0.63,0.14,0.23,1000,50,171,5,5,1,0,0.663829787,0,0
0.76,0.14,0.23,700,200,93,15,5,0.666666667,0.333333333,0.331914894,0.666666667,0
0.78,0.14,0.23,1000,500,93,15,5,1,1,0.331914894,0.666666667,0
0.78,0.14,0.23,400,50,93,20,20,0.333333333,0,0.331914894,1,0.333333333
0.79,0.13,0.23,100,350,15,10,35,0,0.666666667,0,0.333333333,0.666666667
0.72,0.14,0.23,400,200,171,10,5,0.333333333,0.333333333,0.663829787,0.333333333,0
0.74,0.13,0.23,1000,200,93,15,5,1,0.333333333,0.331914894,0.666666667,0
0.69,0.14,0.23,100,50,249,10,35,0,0,0.995744681,0.333333333,0.666666667
0.78,0.13,0.23,700,350,93,15,5,0.666666667,0.666666667,0.331914894,0.666666667,0
0.89,0.13,0.23,400,500,15,20,35,0.333333333,1,0,1,0.666666667
0.78,0.13,0.22,100,500,93,15,35,0,1,0.331914894,0.666666667,0.666666667
0.81,0.13,0.22,100,200,93,20,50,0,0.333333333,0.331914894,1,1
0.71,0.13,0.22,700,50,249,15,20,0.666666667,0,0.995744681,0.666666667,0.333333333
0.80,0.13,0.22,100,50,15,15,50,0,0,0,0.666666667,1
0.76,0.13,0.22,700,350,249,15,5,0.666666667,0.666666667,0.995744681,0.666666667,0
0.79,0.13,0.22,1000,350,93,20,5,1,0.666666667,0.331914894,1,0
0.84,0.13,0.22,100,500,93,20,50,0,1,0.331914894,1,1
0.80,0.13,0.22,1000,50,15,20,20,1,0,0,1,0.333333333
0.77,0.13,0.22,100,50,171,15,50,0,0,0.663829787,0.666666667,1
0.70,0.13,0.22,400,200,249,10,5,0.333333333,0.333333333,0.995744681,0.333333333,0
0.70,0.13,0.22,700,50,15,10,5,0.666666667,0,0,0.333333333,0
0.63,0.13,0.22,100,50,93,5,5,0,0,0.331914894,0,0
0.72,0.13,0.22,100,50,249,15,50,0,0,0.995744681,0.666666667,1
0.69,0.13,0.22,1000,50,249,15,20,1,0,0.995744681,0.666666667,0.333333333
0.82,0.13,0.22,400,500,15,15,20,0.333333333,1,0,0.666666667,0.333333333
0.80,0.13,0.22,400,200,15,20,20,0.333333333,0.333333333,0,1,0.333333333
0.76,0.13,0.22,400,500,171,15,5,0.333333333,1,0.663829787,0.666666667,0
0.77,0.13,0.22,1000,500,171,20,5,1,1,0.663829787,1,0
0.78,0.13,0.22,700,500,93,15,5,0.666666667,1,0.331914894,0.666666667,0
0.80,0.12,0.22,100,500,171,20,50,0,1,0.663829787,1,1
0.71,0.13,0.21,100,200,15,15,35,0,0.333333333,0,0.666666667,0.666666667
0.78,0.12,0.21,400,50,249,20,20,0.333333333,0,0.995744681,1,0.333333333
0.61,0.13,0.21,700,50,171,5,5,0.666666667,0,0.663829787,0,0
0.74,0.12,0.21,1000,350,249,15,5,1,0.666666667,0.995744681,0.666666667,0
0.82,0.12,0.21,400,350,15,15,20,0.333333333,0.666666667,0,0.666666667,0.333333333
0.81,0.12,0.21,100,500,249,20,35,0,1,0.995744681,1,0.666666667
0.83,0.12,0.21,700,350,15,20,20,0.666666667,0.666666667,0,1,0.333333333
0.73,0.12,0.21,1000,200,171,15,5,1,0.333333333,0.663829787,0.666666667,0
0.69,0.12,0.21,100,50,171,10,20,0,0,0.663829787,0.333333333,0.333333333
0.83,0.12,0.21,100,350,15,15,50,0,0.666666667,0,0.666666667,1
0.81,0.12,0.21,100,350,171,20,35,0,0.666666667,0.663829787,1,0.666666667
0.76,0.12,0.21,700,350,171,15,5,0.666666667,0.666666667,0.663829787,0.666666667,0
0.78,0.12,0.21,1000,500,249,20,5,1,1,0.995744681,1,0
0.75,0.12,0.21,400,500,249,15,5,0.333333333,1,0.995744681,0.666666667,0
0.82,0.12,0.21,100,200,249,20,35,0,0.333333333,0.995744681,1,0.666666667
0.81,0.12,0.21,100,500,171,15,20,0,1,0.663829787,0.666666667,0.333333333
0.86,0.12,0.21,700,500,15,20,20,0.666666667,1,0,1,0.333333333
0.72,0.12,0.21,1000,50,249,20,20,1,0,0.995744681,1,0.333333333
0.79,0.12,0.21,100,200,15,15,50,0,0.333333333,0,0.666666667,1
0.74,0.12,0.21,100,50,93,20,35,0,0,0.331914894,1,0.666666667
0.78,0.12,0.20,400,50,171,20,20,0.333333333,0,0.663829787,1,0.333333333
0.82,0.12,0.20,100,350,93,20,50,0,0.666666667,0.331914894,1,1
0.77,0.12,0.20,100,50,171,20,50,0,0,0.663829787,1,1
0.77,0.12,0.20,400,500,93,15,5,0.333333333,1,0.331914894,0.666666667,0
0.78,0.12,0.20,100,350,171,15,20,0,0.666666667,0.663829787,0.666666667,0.333333333
0.75,0.12,0.20,400,350,249,15,5,0.333333333,0.666666667,0.995744681,0.666666667,0
0.75,0.12,0.20,1000,500,15,15,5,1,1,0,0.666666667,0
0.75,0.12,0.20,100,50,171,15,35,0,0,0.663829787,0.666666667,0.666666667
0.80,0.12,0.20,100,350,93,15,20,0,0.666666667,0.331914894,0.666666667,0.333333333
0.76,0.12,0.20,700,500,249,20,5,0.666666667,1,0.995744681,1,0
0.78,0.11,0.20,100,200,171,20,35,0,0.333333333,0.663829787,1,0.666666667
0.84,0.11,0.20,100,500,15,15,50,0,1,0,0.666666667,1
0.76,0.11,0.20,700,50,249,20,20,0.666666667,0,0.995744681,1,0.333333333
0.76,0.11,0.20,1000,200,15,20,5,1,0.333333333,0,1,0
0.74,0.11,0.20,100,50,249,20,50,0,0,0.995744681,1,1
0.79,0.11,0.20,1000,200,93,20,5,1,0.333333333,0.331914894,1,0
0.77,0.11,0.20,100,50,249,15,35,0,0,0.995744681,0.666666667,0.666666667
0.71,0.11,0.20,700,200,171,15,5,0.666666667,0.333333333,0.663829787,0.666666667,0
0.79,0.11,0.20,1000,500,93,20,5,1,1,0.331914894,1,0
0.79,0.11,0.20,100,350,249,20,35,0,0.666666667,0.995744681,1,0.666666667
0.72,0.11,0.19,700,200,249,15,5,0.666666667,0.333333333,0.995744681,0.666666667,0
0.77,0.11,0.19,100,350,249,15,20,0,0.666666667,0.995744681,0.666666667,0.333333333
0.77,0.11,0.19,1000,350,249,20,5,1,0.666666667,0.995744681,1,0
0.83,0.11,0.19,100,350,15,15,35,0,0.666666667,0,0.666666667,0.666666667
0.76,0.11,0.19,100,200,93,20,35,0,0.333333333,0.331914894,1,0.666666667
0.77,0.11,0.19,100,200,171,15,20,0,0.333333333,0.663829787,0.666666667,0.333333333
0.80,0.11,0.19,400,350,15,20,20,0.333333333,0.666666667,0,1,0.333333333
0.77,0.11,0.19,400,350,93,15,5,0.333333333,0.666666667,0.331914894,0.666666667,0
0.74,0.11,0.19,1000,350,15,15,5,1,0.666666667,0,0.666666667,0
0.77,0.11,0.19,100,200,249,15,20,0,0.333333333,0.995744681,0.666666667,0.333333333
0.73,0.11,0.19,400,50,15,10,5,0.333333333,0,0,0.333333333,0
0.74,0.11,0.19,400,200,171,15,5,0.333333333,0.333333333,0.663829787,0.666666667,0
0.83,0.11,0.19,100,200,93,15,20,0,0.333333333,0.331914894,0.666666667,0.333333333
0.61,0.11,0.19,700,50,249,5,5,0.666666667,0,0.995744681,0,0
0.78,0.11,0.19,700,350,93,20,5,0.666666667,0.666666667,0.331914894,1,0
0.77,0.11,0.19,700,500,171,20,5,0.666666667,1,0.663829787,1,0
0.80,0.10,0.18,100,200,15,10,5,0,0.333333333,0,0.333333333,0
0.71,0.11,0.18,1000,200,249,15,5,1,0.333333333,0.995744681,0.666666667,0
0.77,0.10,0.18,100,500,249,15,20,0,1,0.995744681,0.666666667,0.333333333
0.76,0.10,0.18,400,200,93,15,5,0.333333333,0.333333333,0.331914894,0.666666667,0
0.76,0.10,0.18,400,350,171,15,5,0.333333333,0.666666667,0.663829787,0.666666667,0
0.75,0.10,0.18,700,200,15,15,5,0.666666667,0.333333333,0,0.666666667,0
0.77,0.10,0.18,1000,350,171,20,5,1,0.666666667,0.663829787,1,0
0.77,0.10,0.18,700,350,15,15,5,0.666666667,0.666666667,0,0.666666667,0
0.64,0.10,0.18,100,50,171,5,5,0,0,0.663829787,0,0
0.79,0.10,0.18,700,200,93,20,5,0.666666667,0.333333333,0.331914894,1,0
0.77,0.10,0.18,700,350,171,20,5,0.666666667,0.666666667,0.663829787,1,0
0.78,0.10,0.18,100,500,171,20,35,0,1,0.663829787,1,0.666666667
0.82,0.10,0.18,100,500,15,15,35,0,1,0,0.666666667,0.666666667
0.74,0.10,0.18,100,50,249,10,20,0,0,0.995744681,0.333333333,0.333333333
0.64,0.10,0.18,400,50,249,5,5,0.333333333,0,0.995744681,0,0
0.69,0.10,0.18,100,350,171,10,5,0,0.666666667,0.663829787,0.333333333,0
0.69,0.10,0.18,1000,50,15,10,5,1,0,0,0.333333333,0
0.73,0.10,0.18,700,500,15,15,5,0.666666667,1,0,0.666666667,0
0.74,0.10,0.18,700,200,171,20,5,0.666666667,0.333333333,0.663829787,1,0
0.57,0.10,0.17,1000,50,249,5,5,1,0,0.995744681,0,0
0.78,0.10,0.17,700,350,249,20,5,0.666666667,0.666666667,0.995744681,1,0
0.80,0.10,0.17,100,350,93,20,35,0,0.666666667,0.331914894,1,0.666666667
0.79,0.10,0.17,100,200,15,20,50,0,0.333333333,0,1,1
0.69,0.10,0.17,100,500,249,10,5,0,1,0.995744681,0.333333333,0
0.76,0.09,0.17,100,50,171,20,35,0,0,0.663829787,1,0.666666667
0.77,0.09,0.17,700,500,93,20,5,0.666666667,1,0.331914894,1,0
0.80,0.09,0.17,100,350,15,20,50,0,0.666666667,0,1,1
0.84,0.09,0.17,400,500,15,20,20,0.333333333,1,0,1,0.333333333
0.68,0.09,0.17,100,200,171,10,5,0,0.333333333,0.663829787,0.333333333,0
0.81,0.09,0.17,100,200,15,20,35,0,0.333333333,0,1,0.666666667
0.67,0.09,0.16,100,50,15,15,20,0,0,0,0.666666667,0.333333333
0.78,0.09,0.16,1000,350,15,20,5,1,0.666666667,0,1,0
0.84,0.09,0.16,100,200,15,15,20,0,0.333333333,0,0.666666667,0.333333333
0.77,0.09,0.16,1000,200,15,15,5,1,0.333333333,0,0.666666667,0
0.68,0.09,0.16,100,50,249,5,5,0,0,0.995744681,0,0
0.64,0.09,0.16,400,50,93,10,5,0.333333333,0,0.331914894,0.333333333,0
0.75,0.09,0.16,100,50,249,20,35,0,0,0.995744681,1,0.666666667
0.72,0.09,0.16,1000,200,171,20,5,1,0.333333333,0.663829787,1,0
0.72,0.09,0.16,100,200,93,10,5,0,0.333333333,0.331914894,0.333333333,0
0.74,0.09,0.16,1000,200,249,20,5,1,0.333333333,0.995744681,1,0
0.78,0.09,0.16,400,350,15,15,5,0.333333333,0.666666667,0,0.666666667,0
0.80,0.09,0.16,100,500,93,15,20,0,1,0.331914894,0.666666667,0.333333333
0.74,0.09,0.16,400,200,249,15,5,0.333333333,0.333333333,0.995744681,0.666666667,0
0.74,0.09,0.16,100,500,93,10,5,0,1,0.331914894,0.333333333,0
0.88,0.08,0.15,100,500,15,15,20,0,1,0,0.666666667,0.333333333
0.77,0.09,0.15,700,200,15,20,5,0.666666667,0.333333333,0,1,0
0.78,0.08,0.15,400,500,15,15,5,0.333333333,1,0,0.666666667,0
0.76,0.08,0.15,400,350,171,20,5,0.333333333,0.666666667,0.663829787,1,0
0.82,0.08,0.15,100,500,93,20,35,0,1,0.331914894,1,0.666666667
0.76,0.08,0.15,100,500,249,20,20,0,1,0.995744681,1,0.333333333
0.75,0.08,0.15,400,200,15,15,5,0.333333333,0.333333333,0,0.666666667,0
0.75,0.08,0.15,400,500,249,20,5,0.333333333,1,0.995744681,1,0
0.79,0.08,0.15,700,500,15,20,5,0.666666667,1,0,1,0
0.83,0.08,0.15,100,500,15,20,35,0,1,0,1,0.666666667
0.72,0.08,0.15,100,500,171,10,5,0,1,0.663829787,0.333333333,0
0.75,0.08,0.15,100,50,93,15,20,0,0,0.331914894,0.666666667,0.333333333
0.73,0.08,0.15,700,200,249,20,5,0.666666667,0.333333333,0.995744681,1,0
0.78,0.08,0.15,100,350,249,20,20,0,0.666666667,0.995744681,1,0.333333333
0.76,0.08,0.14,100,500,15,10,5,0,1,0,0.333333333,0
0.75,0.08,0.14,100,350,15,10,5,0,0.666666667,0,0.333333333,0
0.73,0.08,0.14,100,200,249,10,5,0,0.333333333,0.995744681,0.333333333,0
0.72,0.08,0.14,100,50,249,15,20,0,0,0.995744681,0.666666667,0.333333333
0.77,0.08,0.14,1000,500,15,20,5,1,1,0,1,0
0.72,0.08,0.14,100,350,249,10,5,0,0.666666667,0.995744681,0.333333333,0
0.76,0.08,0.14,100,50,171,15,20,0,0,0.663829787,0.666666667,0.333333333
0.75,0.08,0.14,400,350,249,20,5,0.333333333,0.666666667,0.995744681,1,0
0.70,0.08,0.14,100,50,15,20,35,0,0,0,1,0.666666667
0.76,0.07,0.14,100,200,249,20,20,0,0.333333333,0.995744681,1,0.333333333
0.79,0.07,0.14,100,350,171,20,20,0,0.666666667,0.663829787,1,0.333333333
0.70,0.08,0.14,700,50,15,15,5,0.666666667,0,0,0.666666667,0
0.75,0.07,0.14,400,50,15,15,5,0.333333333,0,0,0.666666667,0
0.76,0.07,0.13,100,200,171,20,20,0,0.333333333,0.663829787,1,0.333333333
0.59,0.08,0.13,1000,50,93,10,5,1,0,0.331914894,0.333333333,0
0.87,0.07,0.13,100,500,15,20,50,0,1,0,1,1
0.74,0.07,0.13,400,500,93,20,5,0.333333333,1,0.331914894,1,0
0.74,0.07,0.13,400,350,93,20,5,0.333333333,0.666666667,0.331914894,1,0
0.78,0.07,0.13,100,350,15,20,35,0,0.666666667,0,1,0.666666667
0.78,0.07,0.13,100,350,15,15,20,0,0.666666667,0,0.666666667,0.333333333
0.80,0.07,0.13,100,350,93,20,20,0,0.666666667,0.331914894,1,0.333333333
0.75,0.07,0.13,400,500,171,20,5,0.333333333,1,0.663829787,1,0
0.61,0.07,0.13,700,50,93,10,5,0.666666667,0,0.331914894,0.333333333,0
0.75,0.07,0.13,700,350,15,20,5,0.666666667,0.666666667,0,1,0
0.76,0.07,0.13,400,200,93,20,5,0.333333333,0.333333333,0.331914894,1,0
0.74,0.07,0.12,100,200,93,20,20,0,0.333333333,0.331914894,1,0.333333333
0.72,0.07,0.12,100,50,171,20,20,0,0,0.663829787,1,0.333333333
0.67,0.07,0.12,100,350,93,10,5,0,0.666666667,0.331914894,0.333333333,0
0.78,0.07,0.12,400,500,15,20,5,0.333333333,1,0,1,0
0.61,0.07,0.12,1000,50,171,10,5,1,0,0.663829787,0.333333333,0
0.76,0.06,0.12,100,50,93,20,20,0,0,0.331914894,1,0.333333333
0.76,0.06,0.12,400,50,15,20,5,0.333333333,0,0,1,0
0.73,0.06,0.12,400,200,249,20,5,0.333333333,0.333333333,0.995744681,1,0
0.82,0.06,0.12,100,500,93,20,20,0,1,0.331914894,1,0.333333333
0.75,0.06,0.12,400,350,15,20,5,0.333333333,0.666666667,0,1,0
0.79,0.06,0.12,100,500,171,20,20,0,1,0.663829787,1,0.333333333
0.76,0.06,0.12,1000,50,15,20,5,1,0,0,1,0
0.67,0.06,0.11,700,50,15,20,5,0.666666667,0,0,1,0
0.71,0.06,0.11,100,50,15,10,5,0,0,0,0.333333333,0
0.76,0.06,0.11,400,200,171,20,5,0.333333333,0.333333333,0.663829787,1,0
0.80,0.06,0.11,100,500,15,20,20,0,1,0,1,0.333333333
0.53,0.06,0.11,1000,50,249,10,5,1,0,0.995744681,0.333333333,0
0.87,0.06,0.11,100,350,15,20,20,0,0.666666667,0,1,0.333333333
0.75,0.06,0.11,100,200,15,20,20,0,0.333333333,0,1,0.333333333
0.78,0.06,0.10,100,350,93,15,5,0,0.666666667,0.331914894,0.666666667,0
0.70,0.06,0.10,700,50,93,15,5,0.666666667,0,0.331914894,0.666666667,0
0.65,0.06,0.10,100,50,93,10,5,0,0,0.331914894,0.333333333,0
0.66,0.05,0.10,400,50,171,10,5,0.333333333,0,0.663829787,0.333333333,0
0.62,0.05,0.10,700,50,171,10,5,0.666666667,0,0.663829787,0.333333333,0
0.73,0.05,0.10,100,50,249,20,20,0,0,0.995744681,1,0.333333333
0.79,0.05,0.09,400,200,15,20,5,0.333333333,0.333333333,0,1,0
0.62,0.05,0.09,1000,50,93,15,5,1,0,0.331914894,0.666666667,0
0.73,0.05,0.09,100,350,249,15,5,0,0.666666667,0.995744681,0.666666667,0
0.75,0.05,0.09,100,50,15,20,20,0,0,0,1,0.333333333
0.59,0.05,0.09,700,50,249,10,5,0.666666667,0,0.995744681,0.333333333,0
0.71,0.05,0.09,100,200,249,15,5,0,0.333333333,0.995744681,0.666666667,0
0.66,0.05,0.09,1000,50,15,15,5,1,0,0,0.666666667,0
0.69,0.05,0.09,100,200,171,15,5,0,0.333333333,0.663829787,0.666666667,0
0.61,0.05,0.09,400,50,249,10,5,0.333333333,0,0.995744681,0.333333333,0
0.67,0.05,0.08,100,200,15,15,5,0,0.333333333,0,0.666666667,0
0.70,0.04,0.08,400,50,93,15,5,0.333333333,0,0.331914894,0.666666667,0
0.72,0.04,0.08,100,500,171,15,5,0,1,0.663829787,0.666666667,0
0.62,0.04,0.08,1000,50,171,20,5,1,0,0.663829787,1,0
0.78,0.04,0.08,100,500,93,20,5,0,1,0.331914894,1,0
0.64,0.04,0.08,1000,50,93,20,5,1,0,0.331914894,1,0
0.75,0.04,0.08,100,500,15,20,5,0,1,0,1,0
0.52,0.04,0.07,1000,50,249,15,5,1,0,0.995744681,0.666666667,0
0.63,0.04,0.07,700,50,93,20,5,0.666666667,0,0.331914894,1,0
0.65,0.04,0.07,400,50,171,15,5,0.333333333,0,0.663829787,0.666666667,0
0.68,0.04,0.07,100,350,171,15,5,0,0.666666667,0.663829787,0.666666667,0
0.74,0.04,0.07,100,200,93,20,5,0,0.333333333,0.331914894,1,0
0.61,0.04,0.07,700,50,171,15,5,0.666666667,0,0.663829787,0.666666667,0
0.59,0.04,0.07,1000,50,171,15,5,1,0,0.663829787,0.666666667,0
0.76,0.04,0.07,100,500,249,15,5,0,1,0.995744681,0.666666667,0
0.83,0.03,0.07,100,350,15,15,5,0,0.666666667,0,0.666666667,0
0.58,0.03,0.07,1000,50,249,20,5,1,0,0.995744681,1,0
0.62,0.03,0.06,700,50,249,15,5,0.666666667,0,0.995744681,0.666666667,0
0.72,0.03,0.06,100,350,15,20,5,0,0.666666667,0,1,0
0.61,0.03,0.06,700,50,249,20,5,0.666666667,0,0.995744681,1,0
0.65,0.03,0.06,400,50,249,20,5,0.333333333,0,0.995744681,1,0
0.75,0.03,0.06,100,500,249,20,5,0,1,0.995744681,1,0
0.69,0.03,0.06,100,50,249,10,5,0,0,0.995744681,0.333333333,0
0.63,0.03,0.06,700,50,171,20,5,0.666666667,0,0.663829787,1,0
0.73,0.03,0.06,100,200,249,20,5,0,0.333333333,0.995744681,1,0
0.74,0.03,0.06,100,350,249,20,5,0,0.666666667,0.995744681,1,0
0.67,0.03,0.06,100,50,171,10,5,0,0,0.663829787,0.333333333,0
0.75,0.03,0.06,100,500,93,15,5,0,1,0.331914894,0.666666667,0
0.74,0.03,0.06,100,200,93,15,5,0,0.333333333,0.331914894,0.666666667,0
0.77,0.03,0.05,100,500,171,20,5,0,1,0.663829787,1,0
0.62,0.03,0.05,400,50,171,20,5,0.333333333,0,0.663829787,1,0
0.60,0.03,0.05,100,500,15,15,5,0,1,0,0.666666667,0
0.58,0.03,0.05,400,50,249,15,5,0.333333333,0,0.995744681,0.666666667,0
0.71,0.03,0.05,100,50,171,15,5,0,0,0.663829787,0.666666667,0
0.70,0.03,0.05,100,50,249,15,5,0,0,0.995744681,0.666666667,0
0.65,0.03,0.05,400,50,93,20,5,0.333333333,0,0.331914894,1,0
0.70,0.02,0.05,100,350,171,20,5,0,0.666666667,0.663829787,1,0
0.79,0.02,0.04,100,350,93,20,5,0,0.666666667,0.331914894,1,0
0.75,0.02,0.04,100,50,93,15,5,0,0,0.331914894,0.666666667,0
0.68,0.02,0.04,100,50,15,15,5,0,0,0,0.666666667,0
0.68,0.02,0.04,100,200,171,20,5,0,0.333333333,0.663829787,1,0
0.56,0.02,0.03,100,50,15,20,5,0,0,0,1,0
0.72,0.01,0.03,100,50,93,20,5,0,0,0.331914894,1,0
0.66,0.01,0.03,100,50,249,20,5,0,0,0.995744681,1,0
0.65,0.01,0.02,100,200,15,20,5,0,0.333333333,0,1,0
0.68,0.01,0.02,100,50,171,20,5,0,0,0.663829787,1,0
